A1, U1,56.46
A2, U2,69.8
A3, U3,95.71
A4, U4,80.23
A5, U5,50.4
A6, U6,81.91
A7, U7,69.67
A8, U8,160.96
A9, U9,55.82
A10, U10,51.9
A11, U11,184.44
A12, U12,141.71
A13, U13,122.6
A14, U14,152.11
A15, U15,86.17
A16, U16,185.75
A17, U17,72.23
A18, U18,189.2
A19, U19,114.41
A20, U20,46.71
A21, U21,189.35
A22, U22,128.26
A23, U23,164.18
A24, U24,66.16
A25, U25,44.24
A26, U26,175.52
A27, U27,195.36
A28, U28,61.65
A29, U29,171.46
A30, U30,131.27
A31, U31,41.13
A32, U32,191.89
A33, U33,61.5
A34, U34,153.95
A35, U35,158.72
A36, U36,119.67
A37, U37,165.35
A38, U38,194.54
A39, U39,182.37
A40, U40,190.33
A41, U41,184.54
A42, U42,53.4
A43, U43,91.38
A44, U44,165.84
A45, U45,55.27
A46, U46,71.99
A47, U47,175.76
A48, U48,152.79
A49, U49,105.65
A50, U50,60.27
A51, U51,115.21
A52, U52,107.3
A53, U53,159.17
A54, U54,157.61
A55, U55,102.58
A56, U56,162.45
A57, U57,123.24
A58, U58,100.46
A59, U59,48.9
A60, U60,131.74
A61, U61,155.86
A62, U62,176.46
A63, U63,124.49
A64, U64,173.2
A65, U65,144.16
A66, U66,62.23
A67, U67,78.67
A68, U68,177.68
A69, U69,59.78
A70, U70,86.15
A71, U71,144.17
A72, U72,111.51
A73, U73,121.74
A74, U74,116.6
A75, U75,102.23
A76, U76,158.5
A77, U77,53.38
A78, U78,128.6
A79, U79,98.96
A80, U80,163.24
A81, U81,94.71
A82, U82,193.22
A83, U83,111.52
A84, U84,73.84
A85, U85,101.69
A86, U86,95.27
A87, U87,138.42
A88, U88,55.54
A89, U89,107.33
A90, U90,191.78
A91, U91,43.22
A92, U92,141.41
A93, U93,108.63
A94, U94,64.86
A95, U95,59.25
A96, U96,91.15
A97, U97,41.4
A98, U98,170.93
A99, U99,73.22
A100, U100,50.98
A101, U101,125.62
A102, U102,75.69
A103, U103,182.47
A104, U104,182.66
A105, U105,85
A106, U106,69.2
A107, U107,42.98
A108, U108,76.11
A109, U109,52.54
A110, U110,167.8
A111, U111,100.34
A112, U112,156.13
A113, U113,99.18
A114, U114,82.56
A115, U115,137.15
A116, U116,93.19
A117, U117,83.96
A118, U118,80.39
A119, U119,40.93
A120, U120,124.95
A121, U121,159.49
A122, U122,132.11
A123, U123,50.29
A124, U124,63.2
A125, U125,170.7
A126, U126,177.66
A127, U127,108.25
A128, U128,137.18
A129, U129,184.9
A130, U130,92.7
A131, U131,72.32
A132, U132,48.12
A133, U133,146.99
A134, U134,160.4
A135, U135,157.83
A136, U136,57.14
A137, U137,42.84
A138, U138,50.88
A139, U139,163.61
A140, U140,50.7
A141, U141,46.24
A142, U142,160.9
A143, U143,87.66
A144, U144,162.1
A145, U145,97.6
A146, U146,118.91
A147, U147,137.82
A148, U148,159.42
A149, U149,110.45
A150, U150,112.7
A151, U151,127.9
A152, U152,86.97
A153, U153,134.71
A154, U154,144.58
A155, U155,71.72
A156, U156,106.28
A157, U157,44.25
A158, U158,145.96
A159, U159,130.14
A160, U160,172.99
A161, U161,76.73
A162, U162,150.66
A163, U163,95.19
A164, U164,125.18
A165, U165,54.64
A166, U166,111.31
A167, U167,64.98
A168, U168,124.94
A169, U169,192.77
A170, U170,90.58
A171, U171,42.17
A172, U172,171.63
A173, U173,144.2
A174, U174,181.35
A175, U175,66.78
A176, U176,176.29
A177, U177,140.45
A178, U178,175.8
A179, U179,105.62
A180, U180,141.39
A181, U181,69.46
A182, U182,119.55
A183, U183,83.1
A184, U184,61.3
A185, U185,156.71
A186, U186,42.79
A187, U187,172.24
A188, U188,196.4
A189, U189,187.5
A190, U190,42.14
A191, U191,89.18
A192, U192,43.3
A193, U193,165.15
A194, U194,149.69
A195, U195,62.72
A196, U196,125.32
A197, U197,62.91
A198, U198,103.55
A199, U199,149.26
A200, U200,98.55
A201, U201,50.84
A202, U202,139.44
A203, U203,163.6
A204, U204,113.38
A205, U205,116.8
A206, U206,181.35
A207, U207,137.49
A208, U208,53
A209, U209,110.18
A210, U210,163.11
A211, U211,106.43
A212, U212,184
A213, U213,68.68
A214, U214,144.91
A215, U215,175.42
A216, U216,97.65
A217, U217,149.46
A218, U218,51.46
A219, U219,129.57
A220, U220,126.71
A221, U221,150.3
A222, U222,74.33
A223, U223,174.18
A224, U224,154.64
A225, U225,172.39
A226, U226,58.49
A227, U227,119.24
A228, U228,61.63
A229, U229,191.61
A230, U230,83.7
A231, U231,106.54
A232, U232,125.5
A233, U233,110.23
A234, U234,146.14
A235, U235,106.62
A236, U236,111.86
A237, U237,143.4
A238, U238,107.1
A239, U239,75.56
A240, U240,66.99
A241, U241,195
A242, U242,53.45
A243, U243,89.86
A244, U244,65.43
A245, U245,92.44
A246, U246,123.94
A247, U247,89.45
A248, U248,88.14
A249, U249,162.16
A250, U250,183.6
A251, U251,122.57
A252, U252,77.2
A253, U253,191.25
A254, U254,176.44
A255, U255,171.2
A256, U256,105.38
A257, U257,111.27
A258, U258,57.41
A259, U259,113.8
A260, U260,158.57
A261, U261,51.22
A262, U262,170.97
A263, U263,55.5
A264, U264,128.18
A265, U265,159.27
A266, U266,94.5
A267, U267,146.56
A268, U268,116.39
A269, U269,162.87
A270, U270,120.5
A271, U271,42.71
A272, U272,138.3
A273, U273,45.13
A274, U274,118.3
A275, U275,96.89
A276, U276,149.68
A277, U277,107.32
A278, U278,125.28
A279, U279,161.25
A280, U280,57.44
A281, U281,151.66
A282, U282,152.54
A283, U283,149.35
A284, U284,155.88
A285, U285,166.7
A286, U286,143.58
A287, U287,132.68
A288, U288,129.36
A289, U289,138.51
A290, U290,190.95
A291, U291,42.52
A292, U292,174.85
A293, U293,135.65
A294, U294,142.33
A295, U295,44.19
A296, U296,142.5
A297, U297,162.6
A298, U298,97.35
A299, U299,41.7
A300, U300,138.67
A301, U301,107.6
A302, U302,78.64
A303, U303,79.9
A304, U304,56.73
A305, U305,161.16
A306, U306,147.24
A307, U307,91.15
A308, U308,108.17
A309, U309,171.85
A310, U310,191.2
A311, U311,154.37
A312, U312,177.59
A313, U313,51.13
A314, U314,170.51
A315, U315,91.21
A316, U316,96.54
A317, U317,183.26
A318, U318,126.4
A319, U319,84.19
A320, U320,136.49
A321, U321,128.9
A322, U322,132.85
A323, U323,123.39
A324, U324,70.61
A325, U325,141.18
A326, U326,124.15
A327, U327,59.58
A328, U328,194.4
A329, U329,159.64
A330, U330,131.11
A331, U331,85.58
A332, U332,105.55
A333, U333,170.13
A334, U334,95.5
A335, U335,137.2
A336, U336,183.62
A337, U337,79.44
A338, U338,115.8
A339, U339,168.99
A340, U340,52.67
A341, U341,191.19
A342, U342,181.13
A343, U343,149.2
A344, U344,106.3
A345, U345,87.49
A346, U346,145.63
A347, U347,140.49
A348, U348,74.96
A349, U349,119.2
A350, U350,47.39
A351, U351,47.13
A352, U352,40.6
A353, U353,86.9
A354, U354,185.67
A355, U355,58.15
A356, U356,78.75
A357, U357,130.89
A358, U358,66.8
A359, U359,152.26
A360, U360,178.61
A361, U361,154.4
A362, U362,161.11
A363, U363,98.25
A364, U364,40.75
A365, U365,77.51
A366, U366,89.77
A367, U367,192.68
A368, U368,140.81
A369, U369,70.27
A370, U370,175.78
A371, U371,86.74
A372, U372,70.14
A373, U373,81.9
A374, U374,51.73
A375, U375,91.12
A376, U376,81.22
A377, U377,65.43
A378, U378,148
A379, U379,99.89
A380, U380,79.3
A381, U381,183.15
A382, U382,110.6
A383, U383,175.46
A384, U384,168.87
A385, U385,82.35
A386, U386,183.43
A387, U387,107.8
A388, U388,91.97
A389, U389,175.62
A390, U390,177.45
A391, U391,70.27
A392, U392,109.1
A393, U393,80.8
A394, U394,138.51
A395, U395,41.62
A396, U396,110.3
A397, U397,44.81
A398, U398,181.14
A399, U399,88.58
A400, U400,87.79
A401, U401,56.19
A402, U402,114.97
A403, U403,77.82
A404, U404,169.7
A405, U405,57.7
A406, U406,64.74
A407, U407,45.78
A408, U408,175.62
A409, U409,155.32
A410, U410,96.76
A411, U411,175.28
A412, U412,179.63
A413, U413,185.59
A414, U414,104.6
A415, U415,71.17
A416, U416,146.26
A417, U417,92.6
A418, U418,96.99
A419, U419,168.46
A420, U420,180.42
A421, U421,83.54
A422, U422,104.3
A423, U423,115.69
A424, U424,82.24
A425, U425,195.25
A426, U426,107.97
A427, U427,77.53
A428, U428,191.82
A429, U429,91.82
A430, U430,49.63
A431, U431,107.2
A432, U432,179.93
A433, U433,45.89
A434, U434,107.97
A435, U435,109.84
A436, U436,172.25
A437, U437,112.92
A438, U438,118.3
A439, U439,180.56
A440, U440,66.21
A441, U441,92.16
A442, U442,140.94
A443, U443,161.69
A444, U444,44.79
A445, U445,58.52
A446, U446,148.97
A447, U447,104.24
A448, U448,40.6
A449, U449,146.47
A450, U450,83.57
A451, U451,83.29
A452, U452,169.12
A453, U453,108.16
A454, U454,123.31
A455, U455,47.64
A456, U456,191.75
A457, U457,145.84
A458, U458,89.26
A459, U459,132.93
A460, U460,68.34
A461, U461,178.63
A462, U462,177.9
A463, U463,67.85
A464, U464,177.21
A465, U465,186.42
A466, U466,142.4
A467, U467,86.59
A468, U468,190.3
A469, U469,96.5
A470, U470,122.59
A471, U471,67.71
A472, U472,159.47
A473, U473,132.91
A474, U474,90.55
A475, U475,189.74
A476, U476,117.73
A477, U477,87.92
A478, U478,153.64
A479, U479,109.89
A480, U480,192.57
A481, U481,88.31
A482, U482,103.62
A483, U483,40.54
A484, U484,114.6
A485, U485,184.27
A486, U486,184.7
A487, U487,106.58
A488, U488,67.15
A489, U489,181.38
A490, U490,92.25
A491, U491,126.3
A492, U492,84.17
A493, U493,189.9
A494, U494,56.36
A495, U495,180.29
A496, U496,136.45
A497, U497,128.93
A498, U498,86.85
A499, U499,90.12
A500, U500,114.3
A501, U501,112.24
A502, U502,144.66
A503, U503,174.41
A504, U504,90.71
A505, U505,160.55
A506, U506,160.4
A507, U507,131.69
A508, U508,46
A509, U509,45.22
A510, U510,150.1
A511, U511,110.9
A512, U512,69.6
A513, U513,146.44
A514, U514,123.48
A515, U515,86.31
A516, U516,173.76
A517, U517,187.29
A518, U518,168.29
A519, U519,143.61
A520, U520,93.52
A521, U521,133.38
A522, U522,138.32
A523, U523,126.55
A524, U524,180.85
A525, U525,183.28
A526, U526,170.9
A527, U527,109.36
A528, U528,135.35
A529, U529,49.4
A530, U530,199.39
A531, U531,182.83
A532, U532,108.43
A533, U533,155.99
A534, U534,59.28
A535, U535,183.74
A536, U536,96.42
A537, U537,182.16
A538, U538,123.5
A539, U539,117.86
A540, U540,50.1
A541, U541,130.66
A542, U542,133
A543, U543,119.74
A544, U544,93.55
A545, U545,151.44
A546, U546,77.6
A547, U547,138.94
A548, U548,141.74
A549, U549,193.17
A550, U550,135.55
A551, U551,109.59
A552, U552,193.15
A553, U553,188.39
A554, U554,72.26
A555, U555,174.54
A556, U556,178.19
A557, U557,197.88
A558, U558,171.22
A559, U559,79.42
A560, U560,189.98
A561, U561,145.56
A562, U562,134.44
A563, U563,121.75
A564, U564,168.95
A565, U565,125.77
A566, U566,54.3
A567, U567,82.51
A568, U568,147.97
A569, U569,153.43
A570, U570,52.1
A571, U571,126.6
A572, U572,154.15
A573, U573,133.4
A574, U574,139.72
A575, U575,59.41
A576, U576,119.53
A577, U577,78.61
A578, U578,183.86
A579, U579,41.51
A580, U580,142.17
A581, U581,134.24
A582, U582,157.7
A583, U583,111.56
A584, U584,188.47
A585, U585,74.85
A586, U586,121.81
A587, U587,95.83
A588, U588,110.58
A589, U589,175.43
A590, U590,177.46
A591, U591,61.7
A592, U592,172.12
A593, U593,83.55
A594, U594,50.64
A595, U595,138.8
A596, U596,194.19
A597, U597,167.9
A598, U598,122.29
A599, U599,93.64
A600, U600,152.2
A601, U601,58.14
A602, U602,121.26
A603, U603,183.68
A604, U604,71.41
A605, U605,68.3
A606, U606,43.57
A607, U607,144.17
A608, U608,46.51
A609, U609,106.6
A610, U610,167.89
A611, U611,119.28
A612, U612,177.41
A613, U613,181.31
A614, U614,42.44
A615, U615,90.14
A616, U616,80.2
A617, U617,156.84
A618, U618,96.98
A619, U619,130.56
A620, U620,75.58
A621, U621,97.65
A622, U622,115.3
A623, U623,165.39
A624, U624,126.62
A625, U625,177
A626, U626,179.72
A627, U627,175.81
A628, U628,124.83
A629, U629,86.9
A630, U630,101.58
A631, U631,146.75
A632, U632,54.2
A633, U633,48.81
A634, U634,174.81
A635, U635,170.5
A636, U636,191.85
A637, U637,101.2
A638, U638,125.84
A639, U639,169.54
A640, U640,140.49
A641, U641,163.39
A642, U642,133.31
A643, U643,83.52
A644, U644,97.91
A645, U645,90.52
A646, U646,151.46
A647, U647,68.64
A648, U648,187.6
A649, U649,129.44
A650, U650,81.96
A651, U651,128.72
A652, U652,169.8
A653, U653,48.1
A654, U654,94.63
A655, U655,84.68
A656, U656,43.74
A657, U657,114.89
A658, U658,169.27
A659, U659,67.77
A660, U660,160.52
A661, U661,113.92
A662, U662,119.28
A663, U663,97.48
A664, U664,148.74
A665, U665,86.92
A666, U666,84.36
A667, U667,86.66
A668, U668,190.4
A669, U669,133.77
A670, U670,82.25
A671, U671,70.72
A672, U672,142.62
A673, U673,120.95
A674, U674,199.28
A675, U675,173.65
A676, U676,109.78
A677, U677,150.73
A678, U678,121.63
A679, U679,77.51
A680, U680,111.56
A681, U681,93.59
A682, U682,95.35
A683, U683,105.64
A684, U684,111.8
A685, U685,192.76
A686, U686,149.39
A687, U687,121.49
A688, U688,93.73
A689, U689,85.86
A690, U690,165.39
A691, U691,117.39
A692, U692,186.63
A693, U693,118.49
A694, U694,148.55
A695, U695,65.3
A696, U696,169.6
A697, U697,92.69
A698, U698,187.59
A699, U699,99.28
A700, U700,75.85
A701, U701,121.19
A702, U702,93.6
A703, U703,194.4
A704, U704,84.19
A705, U705,103.77
A706, U706,96.36
A707, U707,157.4
A708, U708,52.94
A709, U709,149.71
A710, U710,178.91
A711, U711,194.88
A712, U712,143.64
A713, U713,192.61
A714, U714,50.81
A715, U715,131.74
A716, U716,98.99
A717, U717,143.92
A718, U718,182.29
A719, U719,49.84
A720, U720,147.44
A721, U721,74.48
A722, U722,65.38
A723, U723,193.44
A724, U724,93.27
A725, U725,139.97
A726, U726,185.66
A727, U727,107.3
A728, U728,181.61
A729, U729,127.69
A730, U730,58.34
A731, U731,196.46
A732, U732,138.65
A733, U733,104.35
A734, U734,154.8
A735, U735,65.78
A736, U736,181.83
A737, U737,46.41
A738, U738,151.48
A739, U739,156.25
A740, U740,149.5
A741, U741,86.78
A742, U742,70.59
A743, U743,172.7
A744, U744,131.34
A745, U745,46.27
A746, U746,159.36
A747, U747,157.32
A748, U748,114.74
A749, U749,179.5
A750, U750,197.6
A751, U751,157.52
A752, U752,58.83
A753, U753,54.7
A754, U754,139
A755, U755,136.4
A756, U756,182.29
A757, U757,40.61
A758, U758,49.18
A759, U759,83.1
A760, U760,172.7
A761, U761,165.37
A762, U762,162.88
A763, U763,46.51
A764, U764,56.7
A765, U765,191.95
A766, U766,137.22
A767, U767,84.8
A768, U768,162.76
A769, U769,147.35
A770, U770,120.75
A771, U771,52.56
A772, U772,157.63
A773, U773,101.45
A774, U774,98.12
A775, U775,83.27
A776, U776,115.85
A777, U777,147.27
A778, U778,170.36
A779, U779,161.23
A780, U780,167.57
A781, U781,196.91
A782, U782,49.65
A783, U783,167.65
A784, U784,42.92
A785, U785,175.29
A786, U786,123.91
A787, U787,122.7
A788, U788,139.22
A789, U789,141.13
A790, U790,120.58
A791, U791,64.98
A792, U792,110.66
A793, U793,116.75
A794, U794,128.99
A795, U795,83.4
A796, U796,40.43
A797, U797,130.92
A798, U798,164.16
A799, U799,120.8
A800, U800,173.72
A801, U801,110.44
A802, U802,84.97
A803, U803,161.55
A804, U804,93.59
A805, U805,145.58
A806, U806,156.62
A807, U807,156.2
A808, U808,108.99
A809, U809,115.39
A810, U810,68.3
A811, U811,56.1
A812, U812,144.43
A813, U813,86.8
A814, U814,96.58
A815, U815,87.45
A816, U816,155.55
A817, U817,87.78
A818, U818,62.7
A819, U819,152.46
A820, U820,185.91
A821, U821,107.95
A822, U822,93.68
A823, U823,148.37
A824, U824,153.35
A825, U825,120.78
A826, U826,150.11
A827, U827,184.79
A828, U828,138.42
A829, U829,166.83
A830, U830,149.67
A831, U831,72.74
A832, U832,87.2
A833, U833,178.17
A834, U834,92.94
A835, U835,50.71
A836, U836,85.1
A837, U837,116.26
A838, U838,138.14
A839, U839,148.96
A840, U840,162.91
A841, U841,99.99
A842, U842,53.51
A843, U843,161.61
A844, U844,144.49
A845, U845,65.72
A846, U846,186.86
A847, U847,163.23
A848, U848,154.67
A849, U849,145.13
A850, U850,170.5
A851, U851,47.76
A852, U852,85.78
A853, U853,119.67
A854, U854,140.63
A855, U855,69.47
A856, U856,158.82
A857, U857,51.77
A858, U858,89.2
A859, U859,146.78
A860, U860,111.25
A861, U861,123.83
A862, U862,165.34
A863, U863,168.41
A864, U864,78.24
A865, U865,127.94
A866, U866,117.55
A867, U867,64.26
A868, U868,178.6
A869, U869,154.3
A870, U870,43.7
A871, U871,196.1
A872, U872,90.69
A873, U873,196.9
A874, U874,167.99
A875, U875,187.5
A876, U876,41.87
A877, U877,149.55
A878, U878,197.21
A879, U879,197.93
A880, U880,196.7
A881, U881,110.38
A882, U882,54.24
A883, U883,197.19
A884, U884,146.81
A885, U885,185.7
A886, U886,118.36
A887, U887,162.36
A888, U888,83.5
A889, U889,122.9
A890, U890,98.71
A891, U891,139.24
A892, U892,91.3
A893, U893,189.6
A894, U894,178.59
A895, U895,84.64
A896, U896,139.77
A897, U897,92.93
A898, U898,142.59
A899, U899,188.7
A900, U900,152.78
A901, U901,107.98
A902, U902,54.22
A903, U903,43.64
A904, U904,58.31
A905, U905,85.47
A906, U906,152.88
A907, U907,131.26
A908, U908,113.19
A909, U909,49.4
A910, U910,89.37
A911, U911,92.7
A912, U912,125.26
A913, U913,53.71
A914, U914,45.82
A915, U915,156.67
A916, U916,132.44
A917, U917,102.58
A918, U918,87.63
A919, U919,64.1
A920, U920,43.28
A921, U921,119.54
A922, U922,89.8
A923, U923,191.73
A924, U924,72.6
A925, U925,117.44
A926, U926,126.87
A927, U927,161.32
A928, U928,113.34
A929, U929,112.82
A930, U930,62.3
A931, U931,137.29
A932, U932,134.6
A933, U933,184.25
A934, U934,120.98
A935, U935,194.82
A936, U936,46.95
A937, U937,44.2
A938, U938,181.77
A939, U939,161.73
A940, U940,90.34
A941, U941,122.97
A942, U942,94.27
A943, U943,62.69
A944, U944,149.6
A945, U945,59.94
A946, U946,69.32
A947, U947,194.71
A948, U948,148.2
A949, U949,193.7
A950, U950,184.68
A951, U951,77.21
A952, U952,55.66
A953, U953,105.58
A954, U954,175.73
A955, U955,111.68
A956, U956,133.71
A957, U957,121.78
A958, U958,166.63
A959, U959,191.31
A960, U960,115.2
A961, U961,131.43
A962, U962,179.2
A963, U963,141.71
A964, U964,198.31
A965, U965,94.67
A966, U966,170.6
A967, U967,172.63
A968, U968,58.3
A969, U969,179.68
A970, U970,179.55
A971, U971,176.94
A972, U972,138.43
A973, U973,97.46
A974, U974,171.17
A975, U975,188.4
A976, U976,80.64
A977, U977,77.7
A978, U978,58.79
A979, U979,94.7
A980, U980,44.69
A981, U981,134.53
A982, U982,103.76
A983, U983,179.52
A984, U984,182.87
A985, U985,147.48
A986, U986,161.26
A987, U987,110.91
A988, U988,95.63
A989, U989,171.43
A990, U990,146.16
A991, U991,182.81
A992, U992,101.29
A993, U993,107.17
A994, U994,172.12
A995, U995,122.32
A996, U996,193.79
A997, U997,145.17
A998, U998,193.32
A999, U999,127.85
A1000, U1000,130.83
A1001, U1001,132.94
A1002, U1002,120.44
A1003, U1003,85.98
A1004, U1004,72.31
A1005, U1005,96.48
A1006, U1006,195.9
A1007, U1007,105.85
A1008, U1008,169.77
A1009, U1009,63.9
A1010, U1010,94.69
A1011, U1011,151.75
A1012, U1012,97.34
A1013, U1013,124.96
A1014, U1014,137.26
A1015, U1015,192.2
A1016, U1016,53.97
A1017, U1017,179.83
A1018, U1018,134.94
A1019, U1019,89.94
A1020, U1020,42.43
A1021, U1021,194.51
A1022, U1022,164.3
A1023, U1023,97.5
A1024, U1024,101.8
A1025, U1025,99.18
A1026, U1026,67.44
A1027, U1027,121.86
A1028, U1028,61.81
A1029, U1029,134.16
A1030, U1030,185.31
A1031, U1031,100.94
A1032, U1032,97.32
A1033, U1033,104.99
A1034, U1034,45.57
A1035, U1035,82.86
A1036, U1036,115.2
A1037, U1037,53.9
A1038, U1038,157.18
A1039, U1039,197.32
A1040, U1040,197.47
A1041, U1041,132.81
A1042, U1042,182.77
A1043, U1043,176.63
A1044, U1044,113
A1045, U1045,152.77
A1046, U1046,96.14
A1047, U1047,45.69
A1048, U1048,49.2
A1049, U1049,64.45
A1050, U1050,141.35
A1051, U1051,42.81
A1052, U1052,125.5
A1053, U1053,153.97
A1054, U1054,98.6
A1055, U1055,61.94
A1056, U1056,173.26
A1057, U1057,67.43
A1058, U1058,158.56
A1059, U1059,47.58
A1060, U1060,115.76
A1061, U1061,125.2
A1062, U1062,179.49
A1063, U1063,121.32
A1064, U1064,66.38
A1065, U1065,176.7
A1066, U1066,45.53
A1067, U1067,150.62
A1068, U1068,113.76
A1069, U1069,84.38
A1070, U1070,50.88
A1071, U1071,82.86
A1072, U1072,179.75
A1073, U1073,189.9
A1074, U1074,195.6
A1075, U1075,193.48
A1076, U1076,196.56
A1077, U1077,196.86
A1078, U1078,171.99
A1079, U1079,190.4
A1080, U1080,199.38
A1081, U1081,168.98
A1082, U1082,159.42
A1083, U1083,186.3
A1084, U1084,131.54
A1085, U1085,195.97
A1086, U1086,86.65
A1087, U1087,124.58
A1088, U1088,120.67
A1089, U1089,64.11
A1090, U1090,129.42
A1091, U1091,97.56
A1092, U1092,108.36
A1093, U1093,155.47
A1094, U1094,128.82
A1095, U1095,168.46
A1096, U1096,172.23
A1097, U1097,102.68
A1098, U1098,52.28
A1099, U1099,57.44
A1100, U1100,174.62
A1101, U1101,122.42
A1102, U1102,140.98
A1103, U1103,71.32
A1104, U1104,45.38
A1105, U1105,98.14
A1106, U1106,174.82
A1107, U1107,116.57
A1108, U1108,43.23
A1109, U1109,128.38
A1110, U1110,152.44
A1111, U1111,160.74
A1112, U1112,158.5
A1113, U1113,63.5
A1114, U1114,82.84
A1115, U1115,121.22
A1116, U1116,130.7
A1117, U1117,84.93
A1118, U1118,184.93
A1119, U1119,189.44
A1120, U1120,66.4
A1121, U1121,109.16
A1122, U1122,113.65
A1123, U1123,140
A1124, U1124,160.81
A1125, U1125,145.84
A1126, U1126,156.72
A1127, U1127,158.39
A1128, U1128,180.77
A1129, U1129,149.12
A1130, U1130,173.13
A1131, U1131,48.19
A1132, U1132,180.14
A1133, U1133,133.13
A1134, U1134,126.54
A1135, U1135,147.9
A1136, U1136,88.1
A1137, U1137,75.3
A1138, U1138,41.58
A1139, U1139,85.8
A1140, U1140,180.14
A1141, U1141,88.44
A1142, U1142,69.66
A1143, U1143,119.84
A1144, U1144,195.88
A1145, U1145,49.13
A1146, U1146,80.8
A1147, U1147,138.2
A1148, U1148,96.24
A1149, U1149,85.31
A1150, U1150,51.49
A1151, U1151,114.2
A1152, U1152,63.56
A1153, U1153,125.61
A1154, U1154,120.43
A1155, U1155,101.28
A1156, U1156,117.59
A1157, U1157,79.69
A1158, U1158,173.6
A1159, U1159,41.21
A1160, U1160,143.74
A1161, U1161,66.65
A1162, U1162,118.53
A1163, U1163,174.49
A1164, U1164,119.19
A1165, U1165,191.77
A1166, U1166,89.96
A1167, U1167,42.38
A1168, U1168,148.9
A1169, U1169,88.61
A1170, U1170,61.87
A1171, U1171,93.52
A1172, U1172,120.77
A1173, U1173,143.65
A1174, U1174,129.91
A1175, U1175,70.74
A1176, U1176,77.6
A1177, U1177,147.32
A1178, U1178,92.8
A1179, U1179,154.6
A1180, U1180,156.3
A1181, U1181,59.31
A1182, U1182,118.61
A1183, U1183,196.51
A1184, U1184,133.86
A1185, U1185,42.73
A1186, U1186,87.38
A1187, U1187,52.76
A1188, U1188,105.63
A1189, U1189,64.72
A1190, U1190,182.18
A1191, U1191,190.57
A1192, U1192,40.2
A1193, U1193,125.23
A1194, U1194,86.68
A1195, U1195,49.86
A1196, U1196,101.69
A1197, U1197,182.9
A1198, U1198,161.2
A1199, U1199,46.88
A1200, U1200,166.12
A1201, U1201,51.7
A1202, U1202,184.45
A1203, U1203,111.84
A1204, U1204,198.9
A1205, U1205,187.69
A1206, U1206,144.99
A1207, U1207,154.54
A1208, U1208,55.54
A1209, U1209,89.28
A1210, U1210,51.73
A1211, U1211,76.89
A1212, U1212,168.14
A1213, U1213,96.6
A1214, U1214,119.98
A1215, U1215,41.38
A1216, U1216,135.26
A1217, U1217,188.76
A1218, U1218,58.23
A1219, U1219,147.55
A1220, U1220,160.69
A1221, U1221,79.38
A1222, U1222,162.36
A1223, U1223,74.39
A1224, U1224,196.35
A1225, U1225,199.21
A1226, U1226,154.75
A1227, U1227,170.5
A1228, U1228,184.17
A1229, U1229,183.75
A1230, U1230,55.84
A1231, U1231,96
A1232, U1232,183.53
A1233, U1233,55.38
A1234, U1234,50.95
A1235, U1235,108.86
A1236, U1236,178.75
A1237, U1237,125.38
A1238, U1238,118.83
A1239, U1239,61.43
A1240, U1240,189.96
A1241, U1241,139.14
A1242, U1242,197.79
A1243, U1243,146.84
A1244, U1244,112.87
A1245, U1245,176.94
A1246, U1246,94.92
A1247, U1247,112.9
A1248, U1248,94.24
A1249, U1249,119.22
A1250, U1250,82.82
A1251, U1251,92.2
A1252, U1252,188.13
A1253, U1253,95.95
A1254, U1254,74.43
A1255, U1255,130.6
A1256, U1256,46.45
A1257, U1257,170.13
A1258, U1258,75.21
A1259, U1259,44.1
A1260, U1260,179.25
A1261, U1261,189.19
A1262, U1262,56.48
A1263, U1263,123.94
A1264, U1264,88.62
A1265, U1265,46.24
A1266, U1266,94.9
A1267, U1267,67.1
A1268, U1268,142.59
A1269, U1269,74.84
A1270, U1270,111.7
A1271, U1271,140.1
A1272, U1272,89.78
A1273, U1273,184.88
A1274, U1274,56.32
A1275, U1275,149.12
A1276, U1276,74.39
A1277, U1277,96.1
A1278, U1278,182.13
A1279, U1279,187.44
A1280, U1280,138.4
A1281, U1281,144.58
A1282, U1282,102.31
A1283, U1283,156.12
A1284, U1284,85.71
A1285, U1285,118.62
A1286, U1286,199.18
A1287, U1287,145.16
A1288, U1288,139.91
A1289, U1289,181.31
A1290, U1290,132.63
A1291, U1291,174.98
A1292, U1292,191.91
A1293, U1293,45.94
A1294, U1294,128.16
A1295, U1295,73.5
A1296, U1296,148.76
A1297, U1297,75.4
A1298, U1298,48.4
A1299, U1299,140.99
A1300, U1300,49.77
A1301, U1301,135.39
A1302, U1302,172.6
A1303, U1303,60.3
A1304, U1304,157.18
A1305, U1305,101.97
A1306, U1306,79.6
A1307, U1307,178.98
A1308, U1308,129.67
A1309, U1309,142.47
A1310, U1310,85.77
A1311, U1311,131.11
A1312, U1312,120.98
A1313, U1313,191.23
A1314, U1314,193.61
A1315, U1315,57.57
A1316, U1316,85.89
A1317, U1317,80.8
A1318, U1318,46.45
A1319, U1319,64.88
A1320, U1320,165
A1321, U1321,73.36
A1322, U1322,164.23
A1323, U1323,81.6
A1324, U1324,184.24
A1325, U1325,116.38
A1326, U1326,104.15
A1327, U1327,153.28
A1328, U1328,71.47
A1329, U1329,182.84
A1330, U1330,58.89
A1331, U1331,51.12
A1332, U1332,53.8
A1333, U1333,150.35
A1334, U1334,96.6
A1335, U1335,190.1
A1336, U1336,123.75
A1337, U1337,150.27
A1338, U1338,130.2
A1339, U1339,94.26
A1340, U1340,156.87
A1341, U1341,92.71
A1342, U1342,61.72
A1343, U1343,68.13
A1344, U1344,69.97
A1345, U1345,136.56
A1346, U1346,129.3
A1347, U1347,163.88
A1348, U1348,188.9
A1349, U1349,85.97
A1350, U1350,127.9
A1351, U1351,154.83
A1352, U1352,88.37
A1353, U1353,178.64
A1354, U1354,114.42
A1355, U1355,154.99
A1356, U1356,61.62
A1357, U1357,57.23
A1358, U1358,130.35
A1359, U1359,197.35
A1360, U1360,141.55
A1361, U1361,67.38
A1362, U1362,112.37
A1363, U1363,127.2
A1364, U1364,197.8
A1365, U1365,96.47
A1366, U1366,187.37
A1367, U1367,155.82
A1368, U1368,65.49
A1369, U1369,105.76
A1370, U1370,177.52
A1371, U1371,145.75
A1372, U1372,81.61
A1373, U1373,107.93
A1374, U1374,71.53
A1375, U1375,90.57
A1376, U1376,56.92
A1377, U1377,94.98
A1378, U1378,157.33
A1379, U1379,101.92
A1380, U1380,171.65
A1381, U1381,145.66
A1382, U1382,52.23
A1383, U1383,50.76
A1384, U1384,184.28
A1385, U1385,52.7
A1386, U1386,191.22
A1387, U1387,120.1
A1388, U1388,183.41
A1389, U1389,59.84
A1390, U1390,192.61
A1391, U1391,41.45
A1392, U1392,117.77
A1393, U1393,99
A1394, U1394,44.73
A1395, U1395,55.82
A1396, U1396,57.48
A1397, U1397,190.19
A1398, U1398,178.99
A1399, U1399,148.1
A1400, U1400,127.65
A1401, U1401,45.91
A1402, U1402,113.24
A1403, U1403,139.88
A1404, U1404,107.23
A1405, U1405,54.31
A1406, U1406,73.54
A1407, U1407,194.21
A1408, U1408,143.2
A1409, U1409,69.29
A1410, U1410,178.6
A1411, U1411,157.17
A1412, U1412,69.24
A1413, U1413,194.45
A1414, U1414,84.3
A1415, U1415,77.9
A1416, U1416,158.1
A1417, U1417,86.29
A1418, U1418,132.9
A1419, U1419,199.24
A1420, U1420,64.48
A1421, U1421,132.79
A1422, U1422,142.78
A1423, U1423,139.56
A1424, U1424,123.72
A1425, U1425,128.65
A1426, U1426,169.37
A1427, U1427,64.48
A1428, U1428,187.85
A1429, U1429,156.2
A1430, U1430,83.16
A1431, U1431,136.11
A1432, U1432,199.18
A1433, U1433,132.1
A1434, U1434,79.66
A1435, U1435,141.54
A1436, U1436,73.94
A1437, U1437,63.37
A1438, U1438,117.94
A1439, U1439,125.4
A1440, U1440,140.4
A1441, U1441,190.55
A1442, U1442,159.57
A1443, U1443,54.36
A1444, U1444,192.81
A1445, U1445,100.71
A1446, U1446,99.78
A1447, U1447,194.98
A1448, U1448,182.45
A1449, U1449,167.45
A1450, U1450,72.51
A1451, U1451,91.85
A1452, U1452,55
A1453, U1453,112.86
A1454, U1454,77.77
A1455, U1455,199.97
A1456, U1456,92.32
A1457, U1457,133.87
A1458, U1458,76.4
A1459, U1459,99.42
A1460, U1460,55.21
A1461, U1461,64.43
A1462, U1462,86.91
A1463, U1463,68.42
A1464, U1464,195.15
A1465, U1465,118.2
A1466, U1466,63.7
A1467, U1467,71.11
A1468, U1468,53.8
A1469, U1469,113.74
A1470, U1470,60.21
A1471, U1471,61.17
A1472, U1472,170.4
A1473, U1473,102.4
A1474, U1474,73.9
A1475, U1475,161.83
A1476, U1476,54.37
A1477, U1477,96.99
A1478, U1478,97.88
A1479, U1479,130.17
A1480, U1480,172.3
A1481, U1481,183.7
A1482, U1482,85.96
A1483, U1483,172.24
A1484, U1484,59.46
A1485, U1485,166.14
A1486, U1486,134.62
A1487, U1487,87.87
A1488, U1488,53.98
A1489, U1489,139.88
A1490, U1490,123.13
A1491, U1491,74.88
A1492, U1492,103.64
A1493, U1493,189.77
A1494, U1494,156.2
A1495, U1495,161.19
A1496, U1496,123.27
A1497, U1497,186.9
A1498, U1498,91.5
A1499, U1499,181.84
A1500, U1500,132.14
A1501, U1501,187.73
A1502, U1502,88.61
A1503, U1503,79.46
A1504, U1504,52.47
A1505, U1505,185.37
A1506, U1506,81.67
A1507, U1507,144.69
A1508, U1508,170.1
A1509, U1509,148.63
A1510, U1510,45.5
A1511, U1511,123.91
A1512, U1512,153.59
A1513, U1513,139.31
A1514, U1514,154.19
A1515, U1515,128.2
A1516, U1516,55.77
A1517, U1517,89.38
A1518, U1518,73.47
A1519, U1519,132.77
A1520, U1520,104.47
A1521, U1521,151.25
A1522, U1522,87.38
A1523, U1523,190.84
A1524, U1524,140.22
A1525, U1525,84.31
A1526, U1526,100.24
A1527, U1527,170.52
A1528, U1528,139
A1529, U1529,44.71
A1530, U1530,199.93
A1531, U1531,159.87
A1532, U1532,187.88
A1533, U1533,84.48
A1534, U1534,99.27
A1535, U1535,117.34
A1536, U1536,109.89
A1537, U1537,77.55
A1538, U1538,97.27
A1539, U1539,139.32
A1540, U1540,144.77
A1541, U1541,149.49
A1542, U1542,187.24
A1543, U1543,143.84
A1544, U1544,194.78
A1545, U1545,161.2
A1546, U1546,111.86
A1547, U1547,164.46
A1548, U1548,156.81
A1549, U1549,92.4
A1550, U1550,56.45
A1551, U1551,115.35
A1552, U1552,157.93
A1553, U1553,180.48
A1554, U1554,42.25
A1555, U1555,65.34
A1556, U1556,101.7
A1557, U1557,49.22
A1558, U1558,79.25
A1559, U1559,193.67
A1560, U1560,78.43
A1561, U1561,122.58
A1562, U1562,122.27
A1563, U1563,183.56
A1564, U1564,58.76
A1565, U1565,172.54
A1566, U1566,190.21
A1567, U1567,75.19
A1568, U1568,88.33
A1569, U1569,161.98
A1570, U1570,98.16
A1571, U1571,173.7
A1572, U1572,140.4
A1573, U1573,171.73
A1574, U1574,169.55
A1575, U1575,75.47
A1576, U1576,176.65
A1577, U1577,66.67
A1578, U1578,191.89
A1579, U1579,174.45
A1580, U1580,46.3
A1581, U1581,98.24
A1582, U1582,109.61
A1583, U1583,105.16
A1584, U1584,116.86
A1585, U1585,187.91
A1586, U1586,119.97
A1587, U1587,89.7
A1588, U1588,135.8
A1589, U1589,192.1
A1590, U1590,112.15
A1591, U1591,161.55
A1592, U1592,127.34
A1593, U1593,150.29
A1594, U1594,47.55
A1595, U1595,79.4
A1596, U1596,118.29
A1597, U1597,190.5
A1598, U1598,168.58
A1599, U1599,84.1
A1600, U1600,40.65
A1601, U1601,81.93
A1602, U1602,141.3
A1603, U1603,197.87
A1604, U1604,94.8
A1605, U1605,51.13
A1606, U1606,190.73
A1607, U1607,40.88
A1608, U1608,127.8
A1609, U1609,151.8
A1610, U1610,188.11
A1611, U1611,59.92
A1612, U1612,139.51
A1613, U1613,107.19
A1614, U1614,45.25
A1615, U1615,84.1
A1616, U1616,125.93
A1617, U1617,56.79
A1618, U1618,183.82
A1619, U1619,187.24
A1620, U1620,98.81
A1621, U1621,192.95
A1622, U1622,116.11
A1623, U1623,114.75
A1624, U1624,86.5
A1625, U1625,121.99
A1626, U1626,182.19
A1627, U1627,53.88
A1628, U1628,125.33
A1629, U1629,90.12
A1630, U1630,181.78
A1631, U1631,174.8
A1632, U1632,169.6
A1633, U1633,136
A1634, U1634,141.2
A1635, U1635,197.72
A1636, U1636,180.45
A1637, U1637,155.11
A1638, U1638,65.16
A1639, U1639,111.51
A1640, U1640,47.66
A1641, U1641,184.97
A1642, U1642,158.27
A1643, U1643,59.34
A1644, U1644,176.21
A1645, U1645,82.56
A1646, U1646,121.79
A1647, U1647,98.57
A1648, U1648,195.86
A1649, U1649,63.41
A1650, U1650,121.46
A1651, U1651,59.8
A1652, U1652,52.78
A1653, U1653,58.44
A1654, U1654,115.97
A1655, U1655,156.37
A1656, U1656,181.8
A1657, U1657,52.21
A1658, U1658,181.86
A1659, U1659,95.53
A1660, U1660,190.25
A1661, U1661,63.42
A1662, U1662,190.41
A1663, U1663,75.8
A1664, U1664,53.14
A1665, U1665,61.29
A1666, U1666,42.2
A1667, U1667,40.57
A1668, U1668,127.81
A1669, U1669,183.95
A1670, U1670,65.67
A1671, U1671,179.87
A1672, U1672,117.89
A1673, U1673,149.7
A1674, U1674,155.14
A1675, U1675,151.11
A1676, U1676,123.61
A1677, U1677,116.24
A1678, U1678,91.69
A1679, U1679,64.66
A1680, U1680,130.3
A1681, U1681,96.33
A1682, U1682,174.43
A1683, U1683,97.85
A1684, U1684,168.49
A1685, U1685,146.6
A1686, U1686,194.38
A1687, U1687,99.26
A1688, U1688,102.27
A1689, U1689,190.4
A1690, U1690,156.51
A1691, U1691,97.93
A1692, U1692,111.2
A1693, U1693,163.4
A1694, U1694,128.75
A1695, U1695,81.85
A1696, U1696,146.23
A1697, U1697,102.12
A1698, U1698,92.54
A1699, U1699,46.5
A1700, U1700,126.83
A1701, U1701,184.22
A1702, U1702,116.62
A1703, U1703,63.13
A1704, U1704,78.21
A1705, U1705,177.4
A1706, U1706,160.1
A1707, U1707,189.4
A1708, U1708,148.41
A1709, U1709,181.81
A1710, U1710,145.95
A1711, U1711,88.4
A1712, U1712,78.81
A1713, U1713,104.72
A1714, U1714,199.25
A1715, U1715,189.84
A1716, U1716,77.88
A1717, U1717,120.89
A1718, U1718,138.13
A1719, U1719,113.81
A1720, U1720,180.64
A1721, U1721,65.33
A1722, U1722,182.21
A1723, U1723,55.55
A1724, U1724,88.34
A1725, U1725,110.91
A1726, U1726,144.22
A1727, U1727,102.58
A1728, U1728,124.85
A1729, U1729,197.66
A1730, U1730,75.42
A1731, U1731,61.98
A1732, U1732,85.1
A1733, U1733,170.86
A1734, U1734,136.3
A1735, U1735,109.54
A1736, U1736,192.6
A1737, U1737,189.1
A1738, U1738,167.96
A1739, U1739,65.2
A1740, U1740,154.84
A1741, U1741,107.65
A1742, U1742,169.2
A1743, U1743,71
A1744, U1744,118.92
A1745, U1745,98.76
A1746, U1746,64.79
A1747, U1747,135.45
A1748, U1748,121.16
A1749, U1749,47.88
A1750, U1750,103.23
A1751, U1751,192.26
A1752, U1752,185.89
A1753, U1753,193.58
A1754, U1754,86.37
A1755, U1755,165.56
A1756, U1756,151.95
A1757, U1757,191.37
A1758, U1758,199.47
A1759, U1759,68.26
A1760, U1760,170.8
A1761, U1761,99.67
A1762, U1762,148.67
A1763, U1763,103.15
A1764, U1764,115.47
A1765, U1765,121.62
A1766, U1766,187.27
A1767, U1767,140.48
A1768, U1768,182.15
A1769, U1769,160.91
A1770, U1770,49.6
A1771, U1771,154.11
A1772, U1772,62.8
A1773, U1773,50.19
A1774, U1774,175.21
A1775, U1775,112.3
A1776, U1776,198.78
A1777, U1777,49.59
A1778, U1778,176.27
A1779, U1779,134.23
A1780, U1780,120.79
A1781, U1781,58.81
A1782, U1782,178.15
A1783, U1783,142.42
A1784, U1784,92.46
A1785, U1785,117.84
A1786, U1786,155.26
A1787, U1787,72.21
A1788, U1788,54.25
A1789, U1789,125.87
A1790, U1790,136.2
A1791, U1791,90.25
A1792, U1792,43.47
A1793, U1793,142.13
A1794, U1794,74.3
A1795, U1795,140.61
A1796, U1796,131.51
A1797, U1797,105.26
A1798, U1798,118.9
A1799, U1799,79.98
A1800, U1800,66.64
A1801, U1801,178.38
A1802, U1802,157.61
A1803, U1803,89.71
A1804, U1804,133.85
A1805, U1805,120.59
A1806, U1806,159.71
A1807, U1807,140.3
A1808, U1808,117.86
A1809, U1809,165.39
A1810, U1810,122.5
A1811, U1811,73.29
A1812, U1812,173.87
A1813, U1813,83.2
A1814, U1814,177.93
A1815, U1815,155.17
A1816, U1816,41.54
A1817, U1817,153.95
A1818, U1818,94.92
A1819, U1819,122.4
A1820, U1820,65.92
A1821, U1821,127.36
A1822, U1822,125.3
A1823, U1823,178.85
A1824, U1824,182.1
A1825, U1825,164.62
A1826, U1826,59.85
A1827, U1827,115.65
A1828, U1828,110.56
A1829, U1829,128.86
A1830, U1830,94.1
A1831, U1831,177.64
A1832, U1832,60.32
A1833, U1833,134.19
A1834, U1834,41.66
A1835, U1835,193.55
A1836, U1836,95.37
A1837, U1837,77.59
A1838, U1838,193.84
A1839, U1839,162.8
A1840, U1840,40.41
A1841, U1841,90.75
A1842, U1842,65.9
A1843, U1843,49.15
A1844, U1844,51.5
A1845, U1845,123.77
A1846, U1846,100.65
A1847, U1847,50.5
A1848, U1848,50.89
A1849, U1849,77.2
A1850, U1850,110.66
A1851, U1851,175.22
A1852, U1852,63.22
A1853, U1853,85.74
A1854, U1854,139.88
A1855, U1855,151.59
A1856, U1856,168.75
A1857, U1857,176.92
A1858, U1858,166.1
A1859, U1859,118.3
A1860, U1860,82.43
A1861, U1861,60.95
A1862, U1862,63.19
A1863, U1863,68.68
A1864, U1864,89.17
A1865, U1865,124.6
A1866, U1866,137.55
A1867, U1867,97.33
A1868, U1868,131.9
A1869, U1869,137.93
A1870, U1870,169.31
A1871, U1871,125.18
A1872, U1872,97.92
A1873, U1873,194.62
A1874, U1874,168.14
A1875, U1875,82.95
A1876, U1876,105.19
A1877, U1877,190
A1878, U1878,126.89
A1879, U1879,51.95
A1880, U1880,47.59
A1881, U1881,109.44
A1882, U1882,95.63
A1883, U1883,197.25
A1884, U1884,102.51
A1885, U1885,96.69
A1886, U1886,119.55
A1887, U1887,76.95
A1888, U1888,184.93
A1889, U1889,135.22
A1890, U1890,76.55
A1891, U1891,182.16
A1892, U1892,185.57
A1893, U1893,144.41
A1894, U1894,138.35
A1895, U1895,168.67
A1896, U1896,43.65
A1897, U1897,182.21
A1898, U1898,180.8
A1899, U1899,174.72
A1900, U1900,190.71
A1901, U1901,77.28
A1902, U1902,165.56
A1903, U1903,113.85
A1904, U1904,195.98
A1905, U1905,56.59
A1906, U1906,87.85
A1907, U1907,156.49
A1908, U1908,152.26
A1909, U1909,125.77
A1910, U1910,196.56
A1911, U1911,141.4
A1912, U1912,154.67
A1913, U1913,147.84
A1914, U1914,145
A1915, U1915,52.81
A1916, U1916,55.86
A1917, U1917,84.51
A1918, U1918,90.6
A1919, U1919,101.34
A1920, U1920,57.79
A1921, U1921,111.63
A1922, U1922,79.2
A1923, U1923,100.17
A1924, U1924,188.4
A1925, U1925,122.6
A1926, U1926,128.6
A1927, U1927,159.37
A1928, U1928,52.19
A1929, U1929,131.1
A1930, U1930,183.61
A1931, U1931,71.96
A1932, U1932,184.28
A1933, U1933,119.43
A1934, U1934,131.21
A1935, U1935,68.9
A1936, U1936,181.18
A1937, U1937,146.18
A1938, U1938,59
A1939, U1939,167.51
A1940, U1940,87.5
A1941, U1941,186.25
A1942, U1942,118.47
A1943, U1943,82.3
A1944, U1944,59.9
A1945, U1945,109.12
A1946, U1946,45.27
A1947, U1947,111.49
A1948, U1948,135.48
A1949, U1949,156.95
A1950, U1950,152.94
A1951, U1951,136.71
A1952, U1952,75.41
A1953, U1953,155.36
A1954, U1954,103.56
A1955, U1955,80.7
A1956, U1956,103.5
A1957, U1957,169.39
A1958, U1958,153.94
A1959, U1959,115.43
A1960, U1960,44.46
A1961, U1961,89.66
A1962, U1962,164.5
A1963, U1963,49.61
A1964, U1964,158.17
A1965, U1965,133.63
A1966, U1966,84.83
A1967, U1967,169.35
A1968, U1968,183.19
A1969, U1969,45.7
A1970, U1970,160.89
A1971, U1971,142.55
A1972, U1972,143.36
A1973, U1973,155.97
A1974, U1974,113.5
A1975, U1975,165.65
A1976, U1976,42.29
A1977, U1977,188.24
A1978, U1978,141.93
A1979, U1979,190.17
A1980, U1980,97.1
A1981, U1981,139.22
A1982, U1982,197.62
A1983, U1983,167.56
A1984, U1984,79.46
A1985, U1985,119.51
A1986, U1986,185.39
A1987, U1987,148.12
A1988, U1988,172.75
A1989, U1989,43.41
A1990, U1990,92.8
A1991, U1991,64.69
A1992, U1992,102.92
A1993, U1993,139.98
A1994, U1994,185.56
A1995, U1995,154.96
A1996, U1996,80.86
A1997, U1997,154.64
A1998, U1998,84.41
A1999, U1999,131.2
A2000, U2000,130.16
A2001, U2001,156
A2002, U2002,129.27
A2003, U2003,159.62
A2004, U2004,138.8
A2005, U2005,106.88
A2006, U2006,186.52
A2007, U2007,174.27
A2008, U2008,192.92
A2009, U2009,173.5
A2010, U2010,40.8
A2011, U2011,144.68
A2012, U2012,159.52
A2013, U2013,80.4
A2014, U2014,148.3
A2015, U2015,175.41
A2016, U2016,68.99
A2017, U2017,176.16
A2018, U2018,96.15
A2019, U2019,61.11
A2020, U2020,68.99
A2021, U2021,99.1
A2022, U2022,64.83
A2023, U2023,48.73
A2024, U2024,43.44
A2025, U2025,151.34
A2026, U2026,132.51
A2027, U2027,43.75
A2028, U2028,121.4
A2029, U2029,80.2
A2030, U2030,43.7
A2031, U2031,190.58
A2032, U2032,192
A2033, U2033,152.92
A2034, U2034,147.67
A2035, U2035,188.79
A2036, U2036,167.71
A2037, U2037,180
A2038, U2038,110.55
A2039, U2039,124.91
A2040, U2040,116.52
A2041, U2041,44.23
A2042, U2042,93.5
A2043, U2043,173.66
A2044, U2044,195.9
A2045, U2045,145.3
A2046, U2046,184.1
A2047, U2047,55.47
A2048, U2048,48.78
A2049, U2049,63.15
A2050, U2050,60.13
A2051, U2051,49.34
A2052, U2052,122.9
A2053, U2053,128.86
A2054, U2054,141.1
A2055, U2055,90.95
A2056, U2056,122.34
A2057, U2057,127.49
A2058, U2058,147.7
A2059, U2059,80.45
A2060, U2060,67.4
A2061, U2061,192.57
A2062, U2062,42.62
A2063, U2063,183.68
A2064, U2064,139.4
A2065, U2065,192.65
A2066, U2066,104.37
A2067, U2067,165.34
A2068, U2068,114.68
A2069, U2069,155.42
A2070, U2070,191.96
A2071, U2071,43.94
A2072, U2072,164.7
A2073, U2073,165.55
A2074, U2074,129.6
A2075, U2075,168.34
A2076, U2076,125.69
A2077, U2077,196.8
A2078, U2078,68.48
A2079, U2079,92.89
A2080, U2080,41.86
A2081, U2081,79.23
A2082, U2082,51.66
A2083, U2083,128.13
A2084, U2084,129.2
A2085, U2085,45.98
A2086, U2086,198.82
A2087, U2087,120.2
A2088, U2088,42
A2089, U2089,168.31
A2090, U2090,173.33
A2091, U2091,60.1
A2092, U2092,136.6
A2093, U2093,58.71
A2094, U2094,103.69
A2095, U2095,66.98
A2096, U2096,96.82
A2097, U2097,107.8
A2098, U2098,155.79
A2099, U2099,180.1
A2100, U2100,64.64
A2101, U2101,40.35
A2102, U2102,130.81
A2103, U2103,97.7
A2104, U2104,69.77
A2105, U2105,50.17
A2106, U2106,148.1
A2107, U2107,49.67
A2108, U2108,157.22
A2109, U2109,140.46
A2110, U2110,127.84
A2111, U2111,158.85
A2112, U2112,45.4
A2113, U2113,141.16
A2114, U2114,104.42
A2115, U2115,117.22
A2116, U2116,59.69
A2117, U2117,65.18
A2118, U2118,93.77
A2119, U2119,111.79
A2120, U2120,79.4
A2121, U2121,123.62
A2122, U2122,140.99
A2123, U2123,88.33
A2124, U2124,161.74
A2125, U2125,95.49
A2126, U2126,66.41
A2127, U2127,129.31
A2128, U2128,185.14
A2129, U2129,91.51
A2130, U2130,68.19
A2131, U2131,88.76
A2132, U2132,87.84
A2133, U2133,48.98
A2134, U2134,177.87
A2135, U2135,93.95
A2136, U2136,164.83
A2137, U2137,75.14
A2138, U2138,90.11
A2139, U2139,76.4
A2140, U2140,159.3
A2141, U2141,104.65
A2142, U2142,51.98
A2143, U2143,49.7
A2144, U2144,61.84
A2145, U2145,83.19
A2146, U2146,112.93
A2147, U2147,138.4
A2148, U2148,56.75
A2149, U2149,92.78
A2150, U2150,190.31
A2151, U2151,115.88
A2152, U2152,105.39
A2153, U2153,154.32
A2154, U2154,70.41
A2155, U2155,199.79
A2156, U2156,186.27
A2157, U2157,163.87
A2158, U2158,166.64
A2159, U2159,150.3
A2160, U2160,165.34
A2161, U2161,176.1
A2162, U2162,137.14
A2163, U2163,120.84
A2164, U2164,75.17
A2165, U2165,46.55
A2166, U2166,165.44
A2167, U2167,56.42
A2168, U2168,172.51
A2169, U2169,79.68
A2170, U2170,83.73
A2171, U2171,122.71
A2172, U2172,175.47
A2173, U2173,84.17
A2174, U2174,65.73
A2175, U2175,80.45
A2176, U2176,50.2
A2177, U2177,40.59
A2178, U2178,114.45
A2179, U2179,84.26
A2180, U2180,181.87
A2181, U2181,57.2
A2182, U2182,100.43
A2183, U2183,41.47
A2184, U2184,68.34
A2185, U2185,47.27
A2186, U2186,104
A2187, U2187,46.4
A2188, U2188,172.13
A2189, U2189,66.13
A2190, U2190,178.33
A2191, U2191,150.48
A2192, U2192,186.58
A2193, U2193,118.76
A2194, U2194,110.51
A2195, U2195,193.36
A2196, U2196,78.97
A2197, U2197,167.39
A2198, U2198,140.49
A2199, U2199,93.41
A2200, U2200,114.8
A2201, U2201,199.8
A2202, U2202,150.98
A2203, U2203,47.5
A2204, U2204,197.95
A2205, U2205,161.32
A2206, U2206,86.14
A2207, U2207,103.55
A2208, U2208,68.62
A2209, U2209,56.79
A2210, U2210,191.24
A2211, U2211,45.66
A2212, U2212,102.68
A2213, U2213,45.42
A2214, U2214,73.63
A2215, U2215,107.33
A2216, U2216,168.75
A2217, U2217,145.5
A2218, U2218,93.88
A2219, U2219,166.93
A2220, U2220,126.43
A2221, U2221,165.48
A2222, U2222,159.62
A2223, U2223,51.9
A2224, U2224,132.24
A2225, U2225,74
A2226, U2226,102.54
A2227, U2227,114.22
A2228, U2228,163.33
A2229, U2229,106
A2230, U2230,191.61
A2231, U2231,175.34
A2232, U2232,125.42
A2233, U2233,124.53
A2234, U2234,117.34
A2235, U2235,74.29
A2236, U2236,173.17
A2237, U2237,81.51
A2238, U2238,113.55
A2239, U2239,186.76
A2240, U2240,137.93
A2241, U2241,176.96
A2242, U2242,107.41
A2243, U2243,191.25
A2244, U2244,86.43
A2245, U2245,85
A2246, U2246,114.78
A2247, U2247,197.91
A2248, U2248,133.44
A2249, U2249,191.32
A2250, U2250,55.53
A2251, U2251,138.23
A2252, U2252,44.91
A2253, U2253,67.21
A2254, U2254,85.95
A2255, U2255,163.22
A2256, U2256,106.65
A2257, U2257,103.1
A2258, U2258,162.88
A2259, U2259,187.11
A2260, U2260,116.26
A2261, U2261,79.4
A2262, U2262,48.21
A2263, U2263,173.4
A2264, U2264,69.33
A2265, U2265,188.1
A2266, U2266,137.59
A2267, U2267,145.7
A2268, U2268,91.61
A2269, U2269,190.5
A2270, U2270,79.72
A2271, U2271,195.33
A2272, U2272,146.6
A2273, U2273,133.8
A2274, U2274,102.96
A2275, U2275,63.7
A2276, U2276,122.82
A2277, U2277,174.83
A2278, U2278,86.56
A2279, U2279,69.81
A2280, U2280,53.12
A2281, U2281,45.94
A2282, U2282,44.75
A2283, U2283,138.82
A2284, U2284,199.32
A2285, U2285,150.15
A2286, U2286,190.42
A2287, U2287,178.75
A2288, U2288,87.91
A2289, U2289,101.99
A2290, U2290,140.3
A2291, U2291,145.21
A2292, U2292,70.21
A2293, U2293,119.78
A2294, U2294,159.83
A2295, U2295,164.75
A2296, U2296,109.12
A2297, U2297,106.12
A2298, U2298,151.2
A2299, U2299,89.91
A2300, U2300,111.76
A2301, U2301,169.5
A2302, U2302,84.99
A2303, U2303,162.9
A2304, U2304,193.9
A2305, U2305,125.37
A2306, U2306,69.18
A2307, U2307,69.5
A2308, U2308,114.81
A2309, U2309,161.81
A2310, U2310,80.83
A2311, U2311,52.16
A2312, U2312,127.93
A2313, U2313,155.81
A2314, U2314,40.74
A2315, U2315,49.26
A2316, U2316,136.46
A2317, U2317,127.86
A2318, U2318,75.59
A2319, U2319,190.19
A2320, U2320,112.4
A2321, U2321,171.65
A2322, U2322,87.39
A2323, U2323,132.24
A2324, U2324,190.36
A2325, U2325,144.87
A2326, U2326,83.49
A2327, U2327,145.61
A2328, U2328,149.64
A2329, U2329,121.34
A2330, U2330,83.95
A2331, U2331,54.21
A2332, U2332,45.26
A2333, U2333,164.71
A2334, U2334,142.31
A2335, U2335,172.86
A2336, U2336,179.56
A2337, U2337,97.84
A2338, U2338,41.41
A2339, U2339,179.14
A2340, U2340,97.47
A2341, U2341,179.63
A2342, U2342,54.17
A2343, U2343,199.1
A2344, U2344,169.92
A2345, U2345,69.57
A2346, U2346,54.59
A2347, U2347,187.5
A2348, U2348,89.6
A2349, U2349,139.2
A2350, U2350,139.86
A2351, U2351,136.62
A2352, U2352,125.78
A2353, U2353,40.7
A2354, U2354,62.81
A2355, U2355,136.26
A2356, U2356,163.36
A2357, U2357,197.79
A2358, U2358,52.45
A2359, U2359,59.85
A2360, U2360,83.67
A2361, U2361,185.71
A2362, U2362,61.25
A2363, U2363,164.27
A2364, U2364,142.85
A2365, U2365,126.4
A2366, U2366,167.84
A2367, U2367,124.49
A2368, U2368,180.24
A2369, U2369,56.3
A2370, U2370,67.29
A2371, U2371,193.99
A2372, U2372,91.91
A2373, U2373,168.72
A2374, U2374,138.13
A2375, U2375,107.85
A2376, U2376,117.76
A2377, U2377,161.94
A2378, U2378,192.88
A2379, U2379,118.28
A2380, U2380,41.73
A2381, U2381,50.28
A2382, U2382,83.2
A2383, U2383,115.93
A2384, U2384,173.48
A2385, U2385,186.83
A2386, U2386,96.82
A2387, U2387,149.97
A2388, U2388,154.91
A2389, U2389,102.21
A2390, U2390,112.5
A2391, U2391,145.51
A2392, U2392,109.68
A2393, U2393,186.2
A2394, U2394,53.58
A2395, U2395,126.99
A2396, U2396,160.81
A2397, U2397,87.44
A2398, U2398,76.67
A2399, U2399,155.11
A2400, U2400,111.86
A2401, U2401,182.12
A2402, U2402,74.58
A2403, U2403,120.66
A2404, U2404,53.78
A2405, U2405,77.4
A2406, U2406,119.27
A2407, U2407,172.95
A2408, U2408,51.55
A2409, U2409,175.59
A2410, U2410,86.44
A2411, U2411,175.25
A2412, U2412,191.92
A2413, U2413,53.53
A2414, U2414,124.24
A2415, U2415,159.3
A2416, U2416,70.27
A2417, U2417,162.58
A2418, U2418,65.53
A2419, U2419,87.84
A2420, U2420,68.24
A2421, U2421,190.3
A2422, U2422,95.5
A2423, U2423,118.47
A2424, U2424,198.34
A2425, U2425,99.67
A2426, U2426,172.12
A2427, U2427,172
A2428, U2428,43.63
A2429, U2429,69.29
A2430, U2430,120.96
A2431, U2431,62.84
A2432, U2432,45.19
A2433, U2433,175.22
A2434, U2434,122.24
A2435, U2435,166.53
A2436, U2436,80.99
A2437, U2437,106.4
A2438, U2438,120.53
A2439, U2439,184.44
A2440, U2440,109.61
A2441, U2441,126.18
A2442, U2442,178.6
A2443, U2443,73.6
A2444, U2444,110.75
A2445, U2445,129.52
A2446, U2446,95
A2447, U2447,95.21
A2448, U2448,57.9
A2449, U2449,83.15
A2450, U2450,144.26
A2451, U2451,193.74
A2452, U2452,127.83
A2453, U2453,107.83
A2454, U2454,154.78
A2455, U2455,121.48
A2456, U2456,157.74
A2457, U2457,177.89
A2458, U2458,107.95
A2459, U2459,196.96
A2460, U2460,198.78
A2461, U2461,165.75
A2462, U2462,149.27
A2463, U2463,70.25
A2464, U2464,144.2
A2465, U2465,189.4
A2466, U2466,82.75
A2467, U2467,166.16
A2468, U2468,144.79
A2469, U2469,141.3
A2470, U2470,143.37
A2471, U2471,96.65
A2472, U2472,80.7
A2473, U2473,166.6
A2474, U2474,62.45
A2475, U2475,165.15
A2476, U2476,59.3
A2477, U2477,65.86
A2478, U2478,117.2
A2479, U2479,49.27
A2480, U2480,143.16
A2481, U2481,68.5
A2482, U2482,176.1
A2483, U2483,74.97
A2484, U2484,192.69
A2485, U2485,78.62
A2486, U2486,91.94
A2487, U2487,91.61
A2488, U2488,109.12
A2489, U2489,120.61
A2490, U2490,117.58
A2491, U2491,57.19
A2492, U2492,106.78
A2493, U2493,85.96
A2494, U2494,134.92
A2495, U2495,148.44
A2496, U2496,157.35
A2497, U2497,102.47
A2498, U2498,71.84
A2499, U2499,168.14
A2500, U2500,177.8
A2501, U2501,144.44
A2502, U2502,74.15
A2503, U2503,172.17
A2504, U2504,197.54
A2505, U2505,108.35
A2506, U2506,152.44
A2507, U2507,167.5
A2508, U2508,49.98
A2509, U2509,54.7
A2510, U2510,171.25
A2511, U2511,101.2
A2512, U2512,42.79
A2513, U2513,182.97
A2514, U2514,128.84
A2515, U2515,106.59
A2516, U2516,91.35
A2517, U2517,160.67
A2518, U2518,188.66
A2519, U2519,196.25
A2520, U2520,192.1
A2521, U2521,196.4
A2522, U2522,118.32
A2523, U2523,158.28
A2524, U2524,128.33
A2525, U2525,106.21
A2526, U2526,160.73
A2527, U2527,92.6
A2528, U2528,107.62
A2529, U2529,109.42
A2530, U2530,82.85
A2531, U2531,140.13
A2532, U2532,60.83
A2533, U2533,45.34
A2534, U2534,151.12
A2535, U2535,61.39
A2536, U2536,41.83
A2537, U2537,58.71
A2538, U2538,83.33
A2539, U2539,125.69
A2540, U2540,48.6
A2541, U2541,106.22
A2542, U2542,108.2
A2543, U2543,174.59
A2544, U2544,44.14
A2545, U2545,79.29
A2546, U2546,76.55
A2547, U2547,198.9
A2548, U2548,116.84
A2549, U2549,187.65
A2550, U2550,86.39
A2551, U2551,134.42
A2552, U2552,71.1
A2553, U2553,72.91
A2554, U2554,138.61
A2555, U2555,93.8
A2556, U2556,55.74
A2557, U2557,99.66
A2558, U2558,110.4
A2559, U2559,153.92
A2560, U2560,199.43
A2561, U2561,91.55
A2562, U2562,180.83
A2563, U2563,67.45
A2564, U2564,174.1
A2565, U2565,77.43
A2566, U2566,106.87
A2567, U2567,103.65
A2568, U2568,42.98
A2569, U2569,43.41
A2570, U2570,199.92
A2571, U2571,196.41
A2572, U2572,170.16
A2573, U2573,72.48
A2574, U2574,69.32
A2575, U2575,145.7
A2576, U2576,61.99
A2577, U2577,145.85
A2578, U2578,51.3
A2579, U2579,128.36
A2580, U2580,175.75
A2581, U2581,52.59
A2582, U2582,100.9
A2583, U2583,146.21
A2584, U2584,94.71
A2585, U2585,143.45
A2586, U2586,100.29
A2587, U2587,187.7
A2588, U2588,113.9
A2589, U2589,157.71
A2590, U2590,141.68
A2591, U2591,83.51
A2592, U2592,97.15
A2593, U2593,87.42
A2594, U2594,74.54
A2595, U2595,134.97
A2596, U2596,109.65
A2597, U2597,130.24
A2598, U2598,175.38
A2599, U2599,45.9
A2600, U2600,119.98
A2601, U2601,62.47
A2602, U2602,148.2
A2603, U2603,151.83
A2604, U2604,51.58
A2605, U2605,102.16
A2606, U2606,88.84
A2607, U2607,157.16
A2608, U2608,117.56
A2609, U2609,77.21
A2610, U2610,137.24
A2611, U2611,40.79
A2612, U2612,59.67
A2613, U2613,43.72
A2614, U2614,156.67
A2615, U2615,75.7
A2616, U2616,179.82
A2617, U2617,73.65
A2618, U2618,126.79
A2619, U2619,173.15
A2620, U2620,114.46
A2621, U2621,95.62
A2622, U2622,65.42
A2623, U2623,147.59
A2624, U2624,187.4
A2625, U2625,161.28
A2626, U2626,63.81
A2627, U2627,88.25
A2628, U2628,196.34
A2629, U2629,95
A2630, U2630,70.97
A2631, U2631,57.39
A2632, U2632,98.31
A2633, U2633,87.47
A2634, U2634,140.8
A2635, U2635,139.68
A2636, U2636,155.8
A2637, U2637,160.14
A2638, U2638,183.37
A2639, U2639,142.7
A2640, U2640,199.42
A2641, U2641,167.32
A2642, U2642,186.93
A2643, U2643,187.5
A2644, U2644,124.95
A2645, U2645,147.19
A2646, U2646,111.83
A2647, U2647,194.49
A2648, U2648,96.94
A2649, U2649,82.83
A2650, U2650,60.2
A2651, U2651,193.84
A2652, U2652,166.7
A2653, U2653,129.6
A2654, U2654,49.15
A2655, U2655,96.6
A2656, U2656,153.64
A2657, U2657,41.76
A2658, U2658,67.78
A2659, U2659,117.42
A2660, U2660,103.24
A2661, U2661,191.67
A2662, U2662,105.42
A2663, U2663,78.89
A2664, U2664,58.26
A2665, U2665,166.95
A2666, U2666,57.8
A2667, U2667,131.79
A2668, U2668,114.95
A2669, U2669,125.84
A2670, U2670,100.85
A2671, U2671,198.36
A2672, U2672,136.6
A2673, U2673,117.79
A2674, U2674,171.2
A2675, U2675,91.56
A2676, U2676,114.83
A2677, U2677,110.88
A2678, U2678,80.28
A2679, U2679,108.36
A2680, U2680,173.66
A2681, U2681,191.79
A2682, U2682,98.4
A2683, U2683,118.91
A2684, U2684,52.21
A2685, U2685,87.21
A2686, U2686,80.63
A2687, U2687,47.53
A2688, U2688,79.57
A2689, U2689,50.34
A2690, U2690,190.44
A2691, U2691,51.91
A2692, U2692,190.22
A2693, U2693,117.27
A2694, U2694,97.68
A2695, U2695,126.17
A2696, U2696,124.17
A2697, U2697,41.71
A2698, U2698,185.19
A2699, U2699,40.2
A2700, U2700,132.57
A2701, U2701,155.6
A2702, U2702,185.1
A2703, U2703,91.82
A2704, U2704,166.9
A2705, U2705,142.67
A2706, U2706,75.8
A2707, U2707,107.38
A2708, U2708,135.3
A2709, U2709,176.14
A2710, U2710,187.21
A2711, U2711,128.39
A2712, U2712,147.12
A2713, U2713,149.7
A2714, U2714,140.33
A2715, U2715,140.5
A2716, U2716,131.86
A2717, U2717,162.37
A2718, U2718,156.46
A2719, U2719,41.83
A2720, U2720,184.65
A2721, U2721,118.45
A2722, U2722,46.86
A2723, U2723,192.44
A2724, U2724,160.62
A2725, U2725,58.87
A2726, U2726,94.86
A2727, U2727,85.36
A2728, U2728,43.32
A2729, U2729,190.78
A2730, U2730,107.24
A2731, U2731,71.45
A2732, U2732,83.58
A2733, U2733,57.35
A2734, U2734,91.4
A2735, U2735,145.13
A2736, U2736,44.2
A2737, U2737,78.26
A2738, U2738,156.9
A2739, U2739,96.8
A2740, U2740,66.24
A2741, U2741,91
A2742, U2742,75.75
A2743, U2743,154.71
A2744, U2744,133.4
A2745, U2745,96.4
A2746, U2746,123.21
A2747, U2747,105.66
A2748, U2748,113.3
A2749, U2749,69.45
A2750, U2750,160.59
A2751, U2751,58.7
A2752, U2752,193.98
A2753, U2753,175.31
A2754, U2754,139.1
A2755, U2755,141.92
A2756, U2756,195.12
A2757, U2757,139.17
A2758, U2758,186.19
A2759, U2759,76.51
A2760, U2760,179.39
A2761, U2761,163.92
A2762, U2762,151.26
A2763, U2763,137.8
A2764, U2764,137.57
A2765, U2765,169.68
A2766, U2766,185.89
A2767, U2767,48.56
A2768, U2768,60.61
A2769, U2769,46.23
A2770, U2770,185.39
A2771, U2771,54.56
A2772, U2772,162.42
A2773, U2773,108.39
A2774, U2774,136.23
A2775, U2775,159.26
A2776, U2776,169.66
A2777, U2777,133.36
A2778, U2778,172.19
A2779, U2779,41.7
A2780, U2780,99.4
A2781, U2781,152.4
A2782, U2782,73.94
A2783, U2783,42.7
A2784, U2784,51.4
A2785, U2785,48.29
A2786, U2786,64.99
A2787, U2787,137.47
A2788, U2788,88.2
A2789, U2789,64.27
A2790, U2790,173.21
A2791, U2791,72.37
A2792, U2792,173.54
A2793, U2793,181.24
A2794, U2794,89.69
A2795, U2795,158.92
A2796, U2796,137.34
A2797, U2797,178.86
A2798, U2798,150.5
A2799, U2799,97.81
A2800, U2800,106.34
A2801, U2801,91.55
A2802, U2802,68.44
A2803, U2803,57.81
A2804, U2804,49.1
A2805, U2805,49.62
A2806, U2806,46.73
A2807, U2807,178.16
A2808, U2808,173.32
A2809, U2809,73.66
A2810, U2810,50.77
A2811, U2811,162.37
A2812, U2812,89.12
A2813, U2813,149.8
A2814, U2814,60.74
A2815, U2815,165.24
A2816, U2816,175.33
A2817, U2817,177.48
A2818, U2818,182.65
A2819, U2819,71.38
A2820, U2820,109.6
A2821, U2821,69.2
A2822, U2822,141.11
A2823, U2823,181.87
A2824, U2824,116.7
A2825, U2825,44.36
A2826, U2826,175.69
A2827, U2827,160.64
A2828, U2828,132.94
A2829, U2829,78.5
A2830, U2830,162.3
A2831, U2831,149.31
A2832, U2832,92.81
A2833, U2833,164.7
A2834, U2834,181.37
A2835, U2835,83.18
A2836, U2836,60.82
A2837, U2837,76.99
A2838, U2838,134.56
A2839, U2839,159.19
A2840, U2840,77.81
A2841, U2841,92.42
A2842, U2842,154.41
A2843, U2843,104.15
A2844, U2844,133.21
A2845, U2845,185.94
A2846, U2846,105.14
A2847, U2847,139.13
A2848, U2848,100.86
A2849, U2849,180.82
A2850, U2850,93.17
A2851, U2851,198.1
A2852, U2852,109.84
A2853, U2853,77.1
A2854, U2854,113.75
A2855, U2855,48.1
A2856, U2856,71.4
A2857, U2857,170.95
A2858, U2858,195.25
A2859, U2859,136.9
A2860, U2860,105.62
A2861, U2861,59.66
A2862, U2862,114.32
A2863, U2863,163.98
A2864, U2864,72.1
A2865, U2865,139.71
A2866, U2866,150.92
A2867, U2867,177.5
A2868, U2868,170.22
A2869, U2869,198.86
A2870, U2870,68.38
A2871, U2871,151.82
A2872, U2872,65.89
A2873, U2873,160.36
A2874, U2874,92.66
A2875, U2875,65.12
A2876, U2876,82.96
A2877, U2877,106.7
A2878, U2878,48.32
A2879, U2879,141.11
A2880, U2880,51.25
A2881, U2881,170.35
A2882, U2882,61.33
A2883, U2883,91.27
A2884, U2884,69.76
A2885, U2885,61.74
A2886, U2886,82.73
A2887, U2887,156.2
A2888, U2888,188.29
A2889, U2889,121.57
A2890, U2890,131.41
A2891, U2891,145.53
A2892, U2892,190.49
A2893, U2893,112.72
A2894, U2894,120.15
A2895, U2895,40.49
A2896, U2896,134.88
A2897, U2897,167.92
A2898, U2898,131.33
A2899, U2899,151.82
A2900, U2900,131.47
A2901, U2901,68.56
A2902, U2902,124.4
A2903, U2903,176.53
A2904, U2904,78.39
A2905, U2905,164.75
A2906, U2906,170.6
A2907, U2907,126.66
A2908, U2908,134.27
A2909, U2909,106.63
A2910, U2910,181.6
A2911, U2911,163.3
A2912, U2912,161.64
A2913, U2913,64.38
A2914, U2914,190.8
A2915, U2915,112.59
A2916, U2916,136.68
A2917, U2917,40.9
A2918, U2918,77.9
A2919, U2919,41.53
A2920, U2920,142.91
A2921, U2921,116.1
A2922, U2922,100.24
A2923, U2923,148.53
A2924, U2924,93.13
A2925, U2925,93.29
A2926, U2926,187.5
A2927, U2927,190.96
A2928, U2928,151.14
A2929, U2929,169.88
A2930, U2930,80.47
A2931, U2931,135.43
A2932, U2932,190.18
A2933, U2933,65.13
A2934, U2934,49.44
A2935, U2935,108.49
A2936, U2936,82.88
A2937, U2937,198.96
A2938, U2938,59.66
A2939, U2939,144.51
A2940, U2940,194.62
A2941, U2941,47.8
A2942, U2942,114.15
A2943, U2943,148.54
A2944, U2944,159.3
A2945, U2945,103.9
A2946, U2946,86.12
A2947, U2947,84.17
A2948, U2948,90.4
A2949, U2949,66.19
A2950, U2950,53.54
A2951, U2951,115.89
A2952, U2952,152.83
A2953, U2953,44.3
A2954, U2954,50.97
A2955, U2955,174.3
A2956, U2956,118.29
A2957, U2957,187.63
A2958, U2958,107.79
A2959, U2959,195.78
A2960, U2960,120.61
A2961, U2961,101.2
A2962, U2962,47.33
A2963, U2963,73.14
A2964, U2964,136.81
A2965, U2965,143.8
A2966, U2966,120.45
A2967, U2967,108.41
A2968, U2968,64.15
A2969, U2969,56.63
A2970, U2970,60.63
A2971, U2971,115.77
A2972, U2972,70.36
A2973, U2973,135.99
A2974, U2974,72.64
A2975, U2975,159.52
A2976, U2976,51.37
A2977, U2977,150.47
A2978, U2978,65.44
A2979, U2979,174.36
A2980, U2980,140.88
A2981, U2981,109.24
A2982, U2982,91.75
A2983, U2983,125.4
A2984, U2984,178.5
A2985, U2985,117.26
A2986, U2986,150.34
A2987, U2987,145.86
A2988, U2988,62.61
A2989, U2989,173.68
A2990, U2990,157.21
A2991, U2991,190.96
A2992, U2992,51.12
A2993, U2993,42.12
A2994, U2994,161.95
A2995, U2995,81.71
A2996, U2996,90.73
A2997, U2997,40.24
A2998, U2998,72.22
A2999, U2999,112.43
A3000, U3000,173.55
A3001, U3001,60.69
A3002, U3002,66.48
A3003, U3003,173.72
A3004, U3004,155.82
A3005, U3005,93.55
A3006, U3006,136.15
A3007, U3007,141.4
A3008, U3008,190.47
A3009, U3009,68.2
A3010, U3010,159.41
A3011, U3011,84.91
A3012, U3012,79.77
A3013, U3013,192.95
A3014, U3014,93.41
A3015, U3015,145.91
A3016, U3016,65.4
A3017, U3017,176.17
A3018, U3018,53.24
A3019, U3019,167.58
A3020, U3020,85.28
A3021, U3021,103.93
A3022, U3022,139.7
A3023, U3023,56.15
A3024, U3024,56.59
A3025, U3025,88.73
A3026, U3026,47.25
A3027, U3027,149.42
A3028, U3028,84.21
A3029, U3029,112.39
A3030, U3030,125.88
A3031, U3031,102.31
A3032, U3032,66.41
A3033, U3033,102.2
A3034, U3034,89.45
A3035, U3035,91.69
A3036, U3036,147.59
A3037, U3037,186.46
A3038, U3038,41.34
A3039, U3039,86.54
A3040, U3040,146.79
A3041, U3041,176.73
A3042, U3042,57.92
A3043, U3043,178.9
A3044, U3044,154.42
A3045, U3045,183.86
A3046, U3046,166.4
A3047, U3047,48.4
A3048, U3048,182.8
A3049, U3049,162.2
A3050, U3050,89.9
A3051, U3051,176.64
A3052, U3052,83.6
A3053, U3053,49.45
A3054, U3054,93.22
A3055, U3055,105.92
A3056, U3056,188.91
A3057, U3057,156.73
A3058, U3058,44.65
A3059, U3059,72.23
A3060, U3060,128.48
A3061, U3061,117.87
A3062, U3062,128.45
A3063, U3063,184.26
A3064, U3064,126.51
A3065, U3065,131.92
A3066, U3066,132.8
A3067, U3067,76.76
A3068, U3068,190.2
A3069, U3069,114.5
A3070, U3070,179.41
A3071, U3071,131.49
A3072, U3072,42.96
A3073, U3073,190.87
A3074, U3074,148.31
A3075, U3075,100.23
A3076, U3076,182.53
A3077, U3077,143.82
A3078, U3078,106.97
A3079, U3079,54.81
A3080, U3080,152.78
A3081, U3081,186.82
A3082, U3082,144.48
A3083, U3083,95.84
A3084, U3084,149.96
A3085, U3085,167.82
A3086, U3086,69.69
A3087, U3087,98.14
A3088, U3088,185.99
A3089, U3089,177.58
A3090, U3090,122.2
A3091, U3091,134.22
A3092, U3092,61.33
A3093, U3093,45.5
A3094, U3094,110.4
A3095, U3095,95.97
A3096, U3096,58.65
A3097, U3097,168.8
A3098, U3098,119.74
A3099, U3099,174.53
A3100, U3100,139.9
A3101, U3101,70.71
A3102, U3102,123.55
A3103, U3103,47.19
A3104, U3104,66.5
A3105, U3105,186.42
A3106, U3106,58.5
A3107, U3107,87.67
A3108, U3108,72.68
A3109, U3109,150.31
A3110, U3110,112.29
A3111, U3111,104.28
A3112, U3112,138.82
A3113, U3113,152.53
A3114, U3114,182.28
A3115, U3115,142.16
A3116, U3116,63.32
A3117, U3117,194.41
A3118, U3118,173.87
A3119, U3119,152.58
A3120, U3120,85.84
A3121, U3121,181.93
A3122, U3122,117.92
A3123, U3123,177.61
A3124, U3124,96.12
A3125, U3125,180.8
A3126, U3126,49.52
A3127, U3127,52.32
A3128, U3128,151.9
A3129, U3129,56.69
A3130, U3130,175.51
A3131, U3131,87.87
A3132, U3132,178.74
A3133, U3133,84.78
A3134, U3134,126.87
A3135, U3135,174.33
A3136, U3136,197.1
A3137, U3137,44.61
A3138, U3138,105.47
A3139, U3139,167.69
A3140, U3140,194.9
A3141, U3141,68.76
A3142, U3142,104.83
A3143, U3143,57.62
A3144, U3144,80.64
A3145, U3145,155.92
A3146, U3146,162.1
A3147, U3147,157.77
A3148, U3148,126
A3149, U3149,50.73
A3150, U3150,142.7
A3151, U3151,51.47
A3152, U3152,85.54
A3153, U3153,171.95
A3154, U3154,119.46
A3155, U3155,186.22
A3156, U3156,57.41
A3157, U3157,156.75
A3158, U3158,93.53
A3159, U3159,115.2
A3160, U3160,142.65
A3161, U3161,125.89
A3162, U3162,64.92
A3163, U3163,130.97
A3164, U3164,99.25
A3165, U3165,51.4
A3166, U3166,104.6
A3167, U3167,48.89
A3168, U3168,43.7
A3169, U3169,117.85
A3170, U3170,41.15
A3171, U3171,59.79
A3172, U3172,156.49
A3173, U3173,169.35
A3174, U3174,85.98
A3175, U3175,109
A3176, U3176,125.3
A3177, U3177,54.98
A3178, U3178,126.17
A3179, U3179,91.36
A3180, U3180,197.85
A3181, U3181,132.23
A3182, U3182,102.51
A3183, U3183,171.5
A3184, U3184,97.82
A3185, U3185,157.63
A3186, U3186,48.61
A3187, U3187,42.48
A3188, U3188,125.74
A3189, U3189,67.65
A3190, U3190,57.2
A3191, U3191,150.39
A3192, U3192,172.6
A3193, U3193,178.36
A3194, U3194,194.7
A3195, U3195,97.85
A3196, U3196,100.12
A3197, U3197,179.16
A3198, U3198,132.88
A3199, U3199,104.21
A3200, U3200,148.76
A3201, U3201,199.45
A3202, U3202,79.79
A3203, U3203,193.92
A3204, U3204,43.6
A3205, U3205,111.79
A3206, U3206,199.66
A3207, U3207,80.77
A3208, U3208,65.18
A3209, U3209,106.32
A3210, U3210,143.45
A3211, U3211,53.28
A3212, U3212,115.88
A3213, U3213,81.92
A3214, U3214,159.85
A3215, U3215,186.65
A3216, U3216,94.95
A3217, U3217,196.35
A3218, U3218,73.23
A3219, U3219,62.2
A3220, U3220,57.94
A3221, U3221,94.36
A3222, U3222,140.56
A3223, U3223,176.7
A3224, U3224,179.9
A3225, U3225,199.38
A3226, U3226,115.7
A3227, U3227,131.21
A3228, U3228,148.71
A3229, U3229,197.36
A3230, U3230,125.2
A3231, U3231,68.16
A3232, U3232,150.79
A3233, U3233,112.4
A3234, U3234,150.9
A3235, U3235,130.92
A3236, U3236,47.38
A3237, U3237,74.7
A3238, U3238,58.71
A3239, U3239,145.9
A3240, U3240,44.55
A3241, U3241,49.64
A3242, U3242,176.52
A3243, U3243,69.26
A3244, U3244,101.76
A3245, U3245,147.49
A3246, U3246,79.77
A3247, U3247,118.7
A3248, U3248,162.17
A3249, U3249,147.83
A3250, U3250,57.8
A3251, U3251,43.96
A3252, U3252,124.7
A3253, U3253,94.8
A3254, U3254,177.87
A3255, U3255,56.95
A3256, U3256,49.7
A3257, U3257,93.98
A3258, U3258,194.52
A3259, U3259,89.16
A3260, U3260,137.19
A3261, U3261,146.92
A3262, U3262,76.7
A3263, U3263,148.27
A3264, U3264,183.13
A3265, U3265,189.93
A3266, U3266,47.82
A3267, U3267,168.22
A3268, U3268,125.9
A3269, U3269,59.78
A3270, U3270,69.9
A3271, U3271,105.5
A3272, U3272,145.71
A3273, U3273,110.17
A3274, U3274,109.5
A3275, U3275,57.24
A3276, U3276,178.5
A3277, U3277,75.91
A3278, U3278,62.9
A3279, U3279,158.45
A3280, U3280,102.6
A3281, U3281,70.71
A3282, U3282,190.16
A3283, U3283,185.23
A3284, U3284,83.11
A3285, U3285,111.87
A3286, U3286,104.52
A3287, U3287,196.51
A3288, U3288,165.15
A3289, U3289,82.51
A3290, U3290,141.5
A3291, U3291,173.38
A3292, U3292,44.69
A3293, U3293,52.54
A3294, U3294,135.88
A3295, U3295,53.44
A3296, U3296,95.66
A3297, U3297,103.11
A3298, U3298,184.68
A3299, U3299,131.49
A3300, U3300,168.2
A3301, U3301,183.32
A3302, U3302,49.23
A3303, U3303,173.33
A3304, U3304,124.71
A3305, U3305,61.98
A3306, U3306,172.22
A3307, U3307,171.88
A3308, U3308,77.8
A3309, U3309,150.25
A3310, U3310,53.37
A3311, U3311,141.38
A3312, U3312,44
A3313, U3313,124.73
A3314, U3314,61.85
A3315, U3315,137.9
A3316, U3316,133.76
A3317, U3317,154.43
A3318, U3318,137.51
A3319, U3319,92.79
A3320, U3320,176.74
A3321, U3321,42.88
A3322, U3322,160.9
A3323, U3323,137.12
A3324, U3324,174.51
A3325, U3325,181.1
A3326, U3326,199.31
A3327, U3327,105.43
A3328, U3328,131.51
A3329, U3329,87.5
A3330, U3330,152.9
A3331, U3331,72.66
A3332, U3332,56.3
A3333, U3333,104.6
A3334, U3334,122.39
A3335, U3335,83.72
A3336, U3336,116.9
A3337, U3337,103.34
A3338, U3338,97.74
A3339, U3339,141.93
A3340, U3340,103.4
A3341, U3341,183.61
A3342, U3342,195.5
A3343, U3343,56.26
A3344, U3344,96.28
A3345, U3345,177.9
A3346, U3346,74.27
A3347, U3347,53.75
A3348, U3348,126.34
A3349, U3349,165.71
A3350, U3350,150.54
A3351, U3351,137.45
A3352, U3352,78.16
A3353, U3353,139.9
A3354, U3354,187.6
A3355, U3355,51.82
A3356, U3356,180.35
A3357, U3357,144.29
A3358, U3358,72.58
A3359, U3359,151.59
A3360, U3360,189.13
A3361, U3361,153.23
A3362, U3362,125.17
A3363, U3363,121.2
A3364, U3364,170.63
A3365, U3365,168.1
A3366, U3366,193.92
A3367, U3367,79.85
A3368, U3368,167.44
A3369, U3369,101.81
A3370, U3370,181
A3371, U3371,94.28
A3372, U3372,73.3
A3373, U3373,75.85
A3374, U3374,139.78
A3375, U3375,129.95
A3376, U3376,143.19
A3377, U3377,164.54
A3378, U3378,173.37
A3379, U3379,187.6
A3380, U3380,145.42
A3381, U3381,84.28
A3382, U3382,82.5
A3383, U3383,179.95
A3384, U3384,57.8
A3385, U3385,120.75
A3386, U3386,72.88
A3387, U3387,153.92
A3388, U3388,167.42
A3389, U3389,43.49
A3390, U3390,193.64
A3391, U3391,132.2
A3392, U3392,53.84
A3393, U3393,98.76
A3394, U3394,62.69
A3395, U3395,42.42
A3396, U3396,124.32
A3397, U3397,64.46
A3398, U3398,156.5
A3399, U3399,43.15
A3400, U3400,65.26
A3401, U3401,160.82
A3402, U3402,85.8
A3403, U3403,160.76
A3404, U3404,116.85
A3405, U3405,160.41
A3406, U3406,96.41
A3407, U3407,56
A3408, U3408,174.24
A3409, U3409,72.41
A3410, U3410,150.1
A3411, U3411,170.4
A3412, U3412,166.7
A3413, U3413,76.87
A3414, U3414,156.24
A3415, U3415,71.73
A3416, U3416,104.87
A3417, U3417,93.69
A3418, U3418,183.75
A3419, U3419,158.27
A3420, U3420,55.6
A3421, U3421,85.29
A3422, U3422,191.6
A3423, U3423,51.1
A3424, U3424,75.14
A3425, U3425,139.48
A3426, U3426,177.61
A3427, U3427,113.5
A3428, U3428,111.34
A3429, U3429,45.2
A3430, U3430,131.87
A3431, U3431,45.23
A3432, U3432,144.1
A3433, U3433,42.47
A3434, U3434,53.4
A3435, U3435,58.8
A3436, U3436,121.92
A3437, U3437,90.8
A3438, U3438,171.52
A3439, U3439,113.18
A3440, U3440,41.12
A3441, U3441,145.58
A3442, U3442,140.71
A3443, U3443,180.79
A3444, U3444,106.28
A3445, U3445,78.55
A3446, U3446,156.53
A3447, U3447,153.21
A3448, U3448,131.5
A3449, U3449,141.92
A3450, U3450,134.59
A3451, U3451,43.8
A3452, U3452,45.54
A3453, U3453,195.93
A3454, U3454,86.37
A3455, U3455,77.92
A3456, U3456,180.84
A3457, U3457,72.44
A3458, U3458,74.44
A3459, U3459,136.93
A3460, U3460,62.22
A3461, U3461,50.8
A3462, U3462,66.55
A3463, U3463,96.97
A3464, U3464,74.9
A3465, U3465,122.76
A3466, U3466,181.53
A3467, U3467,135.41
A3468, U3468,56.85
A3469, U3469,128.8
A3470, U3470,158.94
A3471, U3471,119.4
A3472, U3472,47.31
A3473, U3473,147.88
A3474, U3474,93.26
A3475, U3475,40.12
A3476, U3476,111.69
A3477, U3477,166.36
A3478, U3478,124.22
A3479, U3479,142.47
A3480, U3480,70
A3481, U3481,155.19
A3482, U3482,176.46
A3483, U3483,46.34
A3484, U3484,79.78
A3485, U3485,95.36
A3486, U3486,182.52
A3487, U3487,71.19
A3488, U3488,155.2
A3489, U3489,161.84
A3490, U3490,182.46
A3491, U3491,142.95
A3492, U3492,55.39
A3493, U3493,91.18
A3494, U3494,159.23
A3495, U3495,181.88
A3496, U3496,73.8
A3497, U3497,183.74
A3498, U3498,75.3
A3499, U3499,69.57
A3500, U3500,84.32
A3501, U3501,142.54
A3502, U3502,186.64
A3503, U3503,77.92
A3504, U3504,120.59
A3505, U3505,142.5
A3506, U3506,114.79
A3507, U3507,133.71
A3508, U3508,97.76
A3509, U3509,55.46
A3510, U3510,63.85
A3511, U3511,136.1
A3512, U3512,184.46
A3513, U3513,64.8
A3514, U3514,139.45
A3515, U3515,196.41
A3516, U3516,173.17
A3517, U3517,131.56
A3518, U3518,172.9
A3519, U3519,46.45
A3520, U3520,64.39
A3521, U3521,149.15
A3522, U3522,134.38
A3523, U3523,106.41
A3524, U3524,119.17
A3525, U3525,101.45
A3526, U3526,73.72
A3527, U3527,108.42
A3528, U3528,155.62
A3529, U3529,142.45
A3530, U3530,117.42
A3531, U3531,88.4
A3532, U3532,138.22
A3533, U3533,147.28
A3534, U3534,75.2
A3535, U3535,182.26
A3536, U3536,156.64
A3537, U3537,89.75
A3538, U3538,67.44
A3539, U3539,107.52
A3540, U3540,47.74
A3541, U3541,89.44
A3542, U3542,51.51
A3543, U3543,73.11
A3544, U3544,160.15
A3545, U3545,174.2
A3546, U3546,112.58
A3547, U3547,194.72
A3548, U3548,53.63
A3549, U3549,126.36
A3550, U3550,153.13
A3551, U3551,71.47
A3552, U3552,86.11
A3553, U3553,156.56
A3554, U3554,105.67
A3555, U3555,80.27
A3556, U3556,73.12
A3557, U3557,104.74
A3558, U3558,59.86
A3559, U3559,195.9
A3560, U3560,42.55
A3561, U3561,125.6
A3562, U3562,68.68
A3563, U3563,169.13
A3564, U3564,148.58
A3565, U3565,147.53
A3566, U3566,185.5
A3567, U3567,169.91
A3568, U3568,127.82
A3569, U3569,64.95
A3570, U3570,166.64
A3571, U3571,152.8
A3572, U3572,183.56
A3573, U3573,198.33
A3574, U3574,69.22
A3575, U3575,136.22
A3576, U3576,145.44
A3577, U3577,96.15
A3578, U3578,136.12
A3579, U3579,87.6
A3580, U3580,89.59
A3581, U3581,181.82
A3582, U3582,199.71
A3583, U3583,97.15
A3584, U3584,90.49
A3585, U3585,71.29
A3586, U3586,153.2
A3587, U3587,88.36
A3588, U3588,176.44
A3589, U3589,67.61
A3590, U3590,151.47
A3591, U3591,192.45
A3592, U3592,196.44
A3593, U3593,179.46
A3594, U3594,152.65
A3595, U3595,89.42
A3596, U3596,124.55
A3597, U3597,142.19
A3598, U3598,161.87
A3599, U3599,53.18
A3600, U3600,73.83
A3601, U3601,42.69
A3602, U3602,43.31
A3603, U3603,122.64
A3604, U3604,61.98
A3605, U3605,87.15
A3606, U3606,193.68
A3607, U3607,184.83
A3608, U3608,142.43
A3609, U3609,175.54
A3610, U3610,175.89
A3611, U3611,112.65
A3612, U3612,70.77
A3613, U3613,162.15
A3614, U3614,100.1
A3615, U3615,137.97
A3616, U3616,98.98
A3617, U3617,104.86
A3618, U3618,114.26
A3619, U3619,108.66
A3620, U3620,189.23
A3621, U3621,93.72
A3622, U3622,96.15
A3623, U3623,114.84
A3624, U3624,143.81
A3625, U3625,129.32
A3626, U3626,44.53
A3627, U3627,93.31
A3628, U3628,100.35
A3629, U3629,120.24
A3630, U3630,127.35
A3631, U3631,81.2
A3632, U3632,99.32
A3633, U3633,166.96
A3634, U3634,85.3
A3635, U3635,99.37
A3636, U3636,40.17
A3637, U3637,138.61
A3638, U3638,129.73
A3639, U3639,88.3
A3640, U3640,90.92
A3641, U3641,121.56
A3642, U3642,127.28
A3643, U3643,191.82
A3644, U3644,144.8
A3645, U3645,118.1
A3646, U3646,161.18
A3647, U3647,59.57
A3648, U3648,195.3
A3649, U3649,96.3
A3650, U3650,98.49
A3651, U3651,129.61
A3652, U3652,110.17
A3653, U3653,91.85
A3654, U3654,187.71
A3655, U3655,161.64
A3656, U3656,48.46
A3657, U3657,189.62
A3658, U3658,175.69
A3659, U3659,116.8
A3660, U3660,99.96
A3661, U3661,90.19
A3662, U3662,127.26
A3663, U3663,139.82
A3664, U3664,48.3
A3665, U3665,143.25
A3666, U3666,101.27
A3667, U3667,147.81
A3668, U3668,98.9
A3669, U3669,60.37
A3670, U3670,194.9
A3671, U3671,184.93
A3672, U3672,92.84
A3673, U3673,48.29
A3674, U3674,79.5
A3675, U3675,156.27
A3676, U3676,171.26
A3677, U3677,145.4
A3678, U3678,69.36
A3679, U3679,50.17
A3680, U3680,129.49
A3681, U3681,167.88
A3682, U3682,51.5
A3683, U3683,81.78
A3684, U3684,167.11
A3685, U3685,80.94
A3686, U3686,130.11
A3687, U3687,58.27
A3688, U3688,48.37
A3689, U3689,178.69
A3690, U3690,73.32
A3691, U3691,131.55
A3692, U3692,89.36
A3693, U3693,109.11
A3694, U3694,137.26
A3695, U3695,141
A3696, U3696,173.94
A3697, U3697,169.46
A3698, U3698,88.1
A3699, U3699,177.82
A3700, U3700,134.27
A3701, U3701,120.13
A3702, U3702,79.78
A3703, U3703,153.71
A3704, U3704,63.38
A3705, U3705,95.8
A3706, U3706,119.36
A3707, U3707,195.23
A3708, U3708,187.24
A3709, U3709,132.7
A3710, U3710,51.14
A3711, U3711,67.52
A3712, U3712,116.24
A3713, U3713,57.62
A3714, U3714,88.64
A3715, U3715,195.3
A3716, U3716,122.4
A3717, U3717,57.93
A3718, U3718,171.44
A3719, U3719,88.52
A3720, U3720,145.71
A3721, U3721,194.21
A3722, U3722,187.83
A3723, U3723,121.47
A3724, U3724,196.57
A3725, U3725,127.5
A3726, U3726,110.15
A3727, U3727,160.44
A3728, U3728,55.97
A3729, U3729,144.99
A3730, U3730,147.8
A3731, U3731,105.49
A3732, U3732,106.31
A3733, U3733,85.45
A3734, U3734,80.3
A3735, U3735,105.47
A3736, U3736,189.4
A3737, U3737,47.35
A3738, U3738,68.95
A3739, U3739,136.64
A3740, U3740,157.64
A3741, U3741,143.72
A3742, U3742,56.91
A3743, U3743,134.36
A3744, U3744,86.66
A3745, U3745,174.84
A3746, U3746,166.3
A3747, U3747,177.57
A3748, U3748,89.46
A3749, U3749,168.6
A3750, U3750,127.5
A3751, U3751,74.94
A3752, U3752,66.6
A3753, U3753,59.39
A3754, U3754,57.4
A3755, U3755,83.14
A3756, U3756,99
A3757, U3757,81.3
A3758, U3758,110.68
A3759, U3759,103.5
A3760, U3760,154.92
A3761, U3761,66.59
A3762, U3762,70.56
A3763, U3763,150.63
A3764, U3764,70.47
A3765, U3765,47.7
A3766, U3766,64.99
A3767, U3767,56.67
A3768, U3768,108.7
A3769, U3769,129.3
A3770, U3770,166.2
A3771, U3771,80.88
A3772, U3772,103.69
A3773, U3773,116.78
A3774, U3774,47.82
A3775, U3775,60.62
A3776, U3776,51.3
A3777, U3777,182.62
A3778, U3778,182.62
A3779, U3779,159.6
A3780, U3780,100.49
A3781, U3781,71.63
A3782, U3782,96.56
A3783, U3783,199.37
A3784, U3784,184.58
A3785, U3785,136.73
A3786, U3786,59.36
A3787, U3787,153.51
A3788, U3788,146.27
A3789, U3789,71.49
A3790, U3790,53.89
A3791, U3791,133.36
A3792, U3792,95.42
A3793, U3793,141.84
A3794, U3794,57.47
A3795, U3795,165.8
A3796, U3796,192.95
A3797, U3797,144.3
A3798, U3798,40.62
A3799, U3799,125.83
A3800, U3800,152.1
A3801, U3801,182.46
A3802, U3802,75.39
A3803, U3803,119.7
A3804, U3804,134.37
A3805, U3805,193.61
A3806, U3806,108.25
A3807, U3807,123.48
A3808, U3808,184.83
A3809, U3809,86.93
A3810, U3810,188.14
A3811, U3811,82.42
A3812, U3812,167.8
A3813, U3813,165.16
A3814, U3814,154.4
A3815, U3815,122.4
A3816, U3816,158.36
A3817, U3817,167.97
A3818, U3818,41.12
A3819, U3819,63.95
A3820, U3820,188.93
A3821, U3821,81.73
A3822, U3822,123.16
A3823, U3823,99.7
A3824, U3824,109.17
A3825, U3825,103.16
A3826, U3826,93.6
A3827, U3827,185.55
A3828, U3828,174.46
A3829, U3829,146.42
A3830, U3830,137.32
A3831, U3831,198.18
A3832, U3832,176.91
A3833, U3833,180.6
A3834, U3834,112.54
A3835, U3835,115.78
A3836, U3836,149.33
A3837, U3837,40.99
A3838, U3838,181.53
A3839, U3839,184.62
A3840, U3840,108.8
A3841, U3841,156.54
A3842, U3842,41.34
A3843, U3843,153.13
A3844, U3844,112.23
A3845, U3845,61.54
A3846, U3846,113.72
A3847, U3847,94.59
A3848, U3848,190.7
A3849, U3849,180.6
A3850, U3850,86.3
A3851, U3851,79.88
A3852, U3852,152.61
A3853, U3853,117.99
A3854, U3854,135.91
A3855, U3855,147.3
A3856, U3856,129.3
A3857, U3857,199.52
A3858, U3858,135.44
A3859, U3859,67.5
A3860, U3860,73.73
A3861, U3861,138.21
A3862, U3862,105.92
A3863, U3863,92.96
A3864, U3864,199.4
A3865, U3865,47.8
A3866, U3866,144.3
A3867, U3867,93.11
A3868, U3868,173.84
A3869, U3869,174.39
A3870, U3870,178.7
A3871, U3871,126.53
A3872, U3872,130.82
A3873, U3873,198.42
A3874, U3874,156.81
A3875, U3875,199.49
A3876, U3876,184.36
A3877, U3877,102.55
A3878, U3878,151.3
A3879, U3879,116.77
A3880, U3880,86.52
A3881, U3881,40.19
A3882, U3882,178.86
A3883, U3883,145.25
A3884, U3884,152.87
A3885, U3885,150.75
A3886, U3886,136.77
A3887, U3887,143.5
A3888, U3888,71.7
A3889, U3889,143.58
A3890, U3890,189.9
A3891, U3891,77.17
A3892, U3892,104.55
A3893, U3893,184.28
A3894, U3894,185.77
A3895, U3895,107.8
A3896, U3896,98.6
A3897, U3897,57.34
A3898, U3898,152.34
A3899, U3899,147.7
A3900, U3900,66.73
A3901, U3901,155.85
A3902, U3902,60.24
A3903, U3903,182.13
A3904, U3904,155.89
A3905, U3905,98.62
A3906, U3906,100.89
A3907, U3907,175.38
A3908, U3908,85.82
A3909, U3909,166.31
A3910, U3910,193.37
A3911, U3911,95.92
A3912, U3912,113.88
A3913, U3913,102.54
A3914, U3914,145.3
A3915, U3915,167.84
A3916, U3916,104.94
A3917, U3917,107.2
A3918, U3918,69.38
A3919, U3919,48.16
A3920, U3920,145.76
A3921, U3921,129.1
A3922, U3922,106.79
A3923, U3923,108.47
A3924, U3924,74.72
A3925, U3925,49.87
A3926, U3926,129.35
A3927, U3927,159.79
A3928, U3928,100.79
A3929, U3929,103.24
A3930, U3930,176.35
A3931, U3931,115.41
A3932, U3932,55.51
A3933, U3933,74.43
A3934, U3934,115.64
A3935, U3935,71.9
A3936, U3936,163.62
A3937, U3937,144.19
A3938, U3938,170.33
A3939, U3939,121.65
A3940, U3940,113.91
A3941, U3941,91.93
A3942, U3942,79.91
A3943, U3943,86.4
A3944, U3944,72.62
A3945, U3945,171.38
A3946, U3946,197.8
A3947, U3947,89.3
A3948, U3948,87.14
A3949, U3949,187.9
A3950, U3950,133.98
A3951, U3951,40.57
A3952, U3952,124.15
A3953, U3953,56.92
A3954, U3954,152.55
A3955, U3955,196.4
A3956, U3956,85.73
A3957, U3957,165.93
A3958, U3958,44.54
A3959, U3959,67.17
A3960, U3960,75.17
A3961, U3961,77.84
A3962, U3962,171.8
A3963, U3963,186.96
A3964, U3964,90.34
A3965, U3965,183.67
A3966, U3966,106.6
A3967, U3967,51.46
A3968, U3968,186.74
A3969, U3969,104.9
A3970, U3970,170.36
A3971, U3971,95.64
A3972, U3972,143.77
A3973, U3973,56.24
A3974, U3974,44.37
A3975, U3975,84.75
A3976, U3976,194.74
A3977, U3977,148.41
A3978, U3978,160.15
A3979, U3979,160.71
A3980, U3980,77.14
A3981, U3981,137.35
A3982, U3982,145.3
A3983, U3983,140.67
A3984, U3984,146.31
A3985, U3985,43.27
A3986, U3986,61.8
A3987, U3987,98.85
A3988, U3988,171.59
A3989, U3989,71.4
A3990, U3990,152.66
A3991, U3991,189.94
A3992, U3992,51.13
A3993, U3993,153.67
A3994, U3994,188.66
A3995, U3995,154.75
A3996, U3996,199.68
A3997, U3997,177.67
A3998, U3998,159.99
A3999, U3999,197.34
A4000, U4000,63.42
A4001, U4001,133.71
A4002, U4002,96.99
A4003, U4003,139.88
A4004, U4004,100.81
A4005, U4005,134.16
A4006, U4006,193.71
A4007, U4007,42.56
A4008, U4008,72.66
A4009, U4009,85.52
A4010, U4010,135.95
A4011, U4011,159
A4012, U4012,135.26
A4013, U4013,85.44
A4014, U4014,75.68
A4015, U4015,57.83
A4016, U4016,136.85
A4017, U4017,183.27
A4018, U4018,53.22
A4019, U4019,134.7
A4020, U4020,123.82
A4021, U4021,87.11
A4022, U4022,51.55
A4023, U4023,167.28
A4024, U4024,147.29
A4025, U4025,115.8
A4026, U4026,153.46
A4027, U4027,158.18
A4028, U4028,149.58
A4029, U4029,58.8
A4030, U4030,154.17
A4031, U4031,146.69
A4032, U4032,153.75
A4033, U4033,129.9
A4034, U4034,170.73
A4035, U4035,117.97
A4036, U4036,52.21
A4037, U4037,40.77
A4038, U4038,146.63
A4039, U4039,188.4
A4040, U4040,114
A4041, U4041,163.93
A4042, U4042,74.2
A4043, U4043,59.13
A4044, U4044,58.7
A4045, U4045,134.5
A4046, U4046,57.5
A4047, U4047,97.34
A4048, U4048,64.6
A4049, U4049,104.31
A4050, U4050,199.7
A4051, U4051,114.93
A4052, U4052,169.49
A4053, U4053,40.49
A4054, U4054,114.96
A4055, U4055,124.4
A4056, U4056,144.7
A4057, U4057,138.71
A4058, U4058,103.73
A4059, U4059,115.67
A4060, U4060,140.41
A4061, U4061,197.11
A4062, U4062,62.98
A4063, U4063,179.57
A4064, U4064,176.65
A4065, U4065,139.6
A4066, U4066,76.61
A4067, U4067,47.76
A4068, U4068,126.83
A4069, U4069,59.72
A4070, U4070,44.62
A4071, U4071,148.15
A4072, U4072,68.54
A4073, U4073,175.3
A4074, U4074,182.64
A4075, U4075,191.42
A4076, U4076,60.72
A4077, U4077,150.57
A4078, U4078,155.35
A4079, U4079,167.82
A4080, U4080,138.43
A4081, U4081,143.8
A4082, U4082,94.46
A4083, U4083,170.4
A4084, U4084,44.84
A4085, U4085,67.55
A4086, U4086,137.74
A4087, U4087,144
A4088, U4088,159.82
A4089, U4089,188.59
A4090, U4090,61.84
A4091, U4091,148.2
A4092, U4092,152.2
A4093, U4093,188.5
A4094, U4094,187.47
A4095, U4095,47.18
A4096, U4096,46.3
A4097, U4097,57.59
A4098, U4098,196.86
A4099, U4099,169.71
A4100, U4100,156.8
A4101, U4101,40.4
A4102, U4102,115.39
A4103, U4103,169.38
A4104, U4104,51.68
A4105, U4105,173.88
A4106, U4106,107.19
A4107, U4107,150.77
A4108, U4108,160.44
A4109, U4109,56.14
A4110, U4110,125.31
A4111, U4111,58.55
A4112, U4112,167.98
A4113, U4113,122.3
A4114, U4114,142.6
A4115, U4115,44.87
A4116, U4116,43.21
A4117, U4117,179.32
A4118, U4118,174.63
A4119, U4119,156.31
A4120, U4120,102.54
A4121, U4121,110.24
A4122, U4122,142.15
A4123, U4123,161.84
A4124, U4124,137.33
A4125, U4125,174.53
A4126, U4126,161.66
A4127, U4127,68.41
A4128, U4128,150.44
A4129, U4129,78.48
A4130, U4130,179.5
A4131, U4131,159
A4132, U4132,145.95
A4133, U4133,179.2
A4134, U4134,91.36
A4135, U4135,190.11
A4136, U4136,153.79
A4137, U4137,160.99
A4138, U4138,179.87
A4139, U4139,187.63
A4140, U4140,76.66
A4141, U4141,151.3
A4142, U4142,75.48
A4143, U4143,58.35
A4144, U4144,45.45
A4145, U4145,141.39
A4146, U4146,103.24
A4147, U4147,110.88
A4148, U4148,168.42
A4149, U4149,133.68
A4150, U4150,86.55
A4151, U4151,123.24
A4152, U4152,102.72
A4153, U4153,172.97
A4154, U4154,186.18
A4155, U4155,126.81
A4156, U4156,124.6
A4157, U4157,80.2
A4158, U4158,168.43
A4159, U4159,165.16
A4160, U4160,173.51
A4161, U4161,67.86
A4162, U4162,156.54
A4163, U4163,155.46
A4164, U4164,96.86
A4165, U4165,70.44
A4166, U4166,87.23
A4167, U4167,96.67
A4168, U4168,63.45
A4169, U4169,186.5
A4170, U4170,145.14
A4171, U4171,110.84
A4172, U4172,186.82
A4173, U4173,178.78
A4174, U4174,198.23
A4175, U4175,53.36
A4176, U4176,143.41
A4177, U4177,175.77
A4178, U4178,100.65
A4179, U4179,123.84
A4180, U4180,199.36
A4181, U4181,139.4
A4182, U4182,40.9
A4183, U4183,122.29
A4184, U4184,80.57
A4185, U4185,49.35
A4186, U4186,123.28
A4187, U4187,121.68
A4188, U4188,52.32
A4189, U4189,191.89
A4190, U4190,149.93
A4191, U4191,115.11
A4192, U4192,165.82
A4193, U4193,167.88
A4194, U4194,101.57
A4195, U4195,87.48
A4196, U4196,188.7
A4197, U4197,120.29
A4198, U4198,124.39
A4199, U4199,175.81
A4200, U4200,89.57
A4201, U4201,125.41
A4202, U4202,68.73
A4203, U4203,174.36
A4204, U4204,184.15
A4205, U4205,150.5
A4206, U4206,153.62
A4207, U4207,65.6
A4208, U4208,182.5
A4209, U4209,81.17
A4210, U4210,87.63
A4211, U4211,185.67
A4212, U4212,85.57
A4213, U4213,107.44
A4214, U4214,165.21
A4215, U4215,66.68
A4216, U4216,117.13
A4217, U4217,134.11
A4218, U4218,103.5
A4219, U4219,190.5
A4220, U4220,197.43
A4221, U4221,196.22
A4222, U4222,182.24
A4223, U4223,164.3
A4224, U4224,185.43
A4225, U4225,105.2
A4226, U4226,61.67
A4227, U4227,122.67
A4228, U4228,146.86
A4229, U4229,61.59
A4230, U4230,90.39
A4231, U4231,132.69
A4232, U4232,199
A4233, U4233,131.57
A4234, U4234,44.5
A4235, U4235,147.83
A4236, U4236,130.2
A4237, U4237,70.86
A4238, U4238,145.67
A4239, U4239,165.3
A4240, U4240,168.11
A4241, U4241,125.34
A4242, U4242,168.14
A4243, U4243,127.81
A4244, U4244,138.91
A4245, U4245,111.53
A4246, U4246,188.33
A4247, U4247,158.58
A4248, U4248,177.28
A4249, U4249,77.88
A4250, U4250,148.19
A4251, U4251,84.86
A4252, U4252,162.57
A4253, U4253,112.92
A4254, U4254,116.65
A4255, U4255,41.98
A4256, U4256,51.9
A4257, U4257,167.2
A4258, U4258,177.23
A4259, U4259,182.85
A4260, U4260,113.75
A4261, U4261,194.11
A4262, U4262,136.13
A4263, U4263,184.22
A4264, U4264,114.6
A4265, U4265,40.37
A4266, U4266,111.9
A4267, U4267,97.6
A4268, U4268,173.67
A4269, U4269,132.22
A4270, U4270,150.61
A4271, U4271,92.95
A4272, U4272,185.45
A4273, U4273,113.82
A4274, U4274,126.53
A4275, U4275,155.62
A4276, U4276,102.38
A4277, U4277,107.91
A4278, U4278,77.16
A4279, U4279,80.63
A4280, U4280,147.22
A4281, U4281,114.87
A4282, U4282,145.63
A4283, U4283,126.16
A4284, U4284,157.19
A4285, U4285,98.18
A4286, U4286,144.66
A4287, U4287,65.84
A4288, U4288,108
A4289, U4289,72.14
A4290, U4290,147.7
A4291, U4291,149.92
A4292, U4292,181.37
A4293, U4293,197.6
A4294, U4294,117.44
A4295, U4295,98.66
A4296, U4296,107.94
A4297, U4297,128.46
A4298, U4298,64.45
A4299, U4299,88.27
A4300, U4300,187.29
A4301, U4301,54.34
A4302, U4302,67.53
A4303, U4303,195.72
A4304, U4304,75.58
A4305, U4305,118.22
A4306, U4306,193.1
A4307, U4307,194.59
A4308, U4308,126.53
A4309, U4309,199.28
A4310, U4310,143.47
A4311, U4311,149.29
A4312, U4312,172.69
A4313, U4313,163.71
A4314, U4314,57.69
A4315, U4315,149.97
A4316, U4316,152.93
A4317, U4317,76.37
A4318, U4318,197.34
A4319, U4319,160.34
A4320, U4320,104.26
A4321, U4321,174.9
A4322, U4322,191.13
A4323, U4323,153.31
A4324, U4324,197.95
A4325, U4325,188.61
A4326, U4326,113.1
A4327, U4327,140.44
A4328, U4328,136.79
A4329, U4329,122.47
A4330, U4330,162.25
A4331, U4331,137.52
A4332, U4332,183.51
A4333, U4333,124.3
A4334, U4334,181.58
A4335, U4335,137.19
A4336, U4336,165.64
A4337, U4337,180.38
A4338, U4338,141.78
A4339, U4339,95.69
A4340, U4340,198.45
A4341, U4341,156.15
A4342, U4342,163.6
A4343, U4343,122.68
A4344, U4344,89.78
A4345, U4345,163.18
A4346, U4346,172.27
A4347, U4347,132.14
A4348, U4348,144.31
A4349, U4349,40.43
A4350, U4350,138.67
A4351, U4351,108.39
A4352, U4352,95.73
A4353, U4353,173.81
A4354, U4354,62.24
A4355, U4355,169.81
A4356, U4356,112.82
A4357, U4357,118.3
A4358, U4358,124.45
A4359, U4359,160.82
A4360, U4360,40.83
A4361, U4361,155.9
A4362, U4362,169.42
A4363, U4363,98.51
A4364, U4364,50.73
A4365, U4365,157.31
A4366, U4366,165.91
A4367, U4367,52.31
A4368, U4368,44.33
A4369, U4369,168.4
A4370, U4370,77.7
A4371, U4371,127.6
A4372, U4372,195.95
A4373, U4373,157
A4374, U4374,165.27
A4375, U4375,138.19
A4376, U4376,130.17
A4377, U4377,108.77
A4378, U4378,192.33
A4379, U4379,134.92
A4380, U4380,98.32
A4381, U4381,159.4
A4382, U4382,121.49
A4383, U4383,45.53
A4384, U4384,159.17
A4385, U4385,84.19
A4386, U4386,144.71
A4387, U4387,134.3
A4388, U4388,86.65
A4389, U4389,60.85
A4390, U4390,151.35
A4391, U4391,156.79
A4392, U4392,59.54
A4393, U4393,160.6
A4394, U4394,118.3
A4395, U4395,97.69
A4396, U4396,158.88
A4397, U4397,147.91
A4398, U4398,192.14
A4399, U4399,129.48
A4400, U4400,187.19
A4401, U4401,82.6
A4402, U4402,199.41
A4403, U4403,125.84
A4404, U4404,133.11
A4405, U4405,117.29
A4406, U4406,72.73
A4407, U4407,76.1
A4408, U4408,135.95
A4409, U4409,84.96
A4410, U4410,158.43
A4411, U4411,47.44
A4412, U4412,171.57
A4413, U4413,112.77
A4414, U4414,46.68
A4415, U4415,96.13
A4416, U4416,55.64
A4417, U4417,188.49
A4418, U4418,54.12
A4419, U4419,167.7
A4420, U4420,41.9
A4421, U4421,43.37
A4422, U4422,170.6
A4423, U4423,119
A4424, U4424,144.66
A4425, U4425,90
A4426, U4426,178.59
A4427, U4427,158.48
A4428, U4428,63.82
A4429, U4429,164.41
A4430, U4430,193.76
A4431, U4431,169.9
A4432, U4432,162.34
A4433, U4433,71.56
A4434, U4434,169.72
A4435, U4435,186.47
A4436, U4436,64.57
A4437, U4437,193.83
A4438, U4438,105.67
A4439, U4439,140.76
A4440, U4440,53.44
A4441, U4441,59.37
A4442, U4442,98.34
A4443, U4443,83.5
A4444, U4444,184.44
A4445, U4445,96.27
A4446, U4446,95.37
A4447, U4447,158.24
A4448, U4448,55.11
A4449, U4449,136.46
A4450, U4450,178.93
A4451, U4451,71.92
A4452, U4452,159.84
A4453, U4453,175.29
A4454, U4454,141.9
A4455, U4455,52.46
A4456, U4456,71.1
A4457, U4457,93.51
A4458, U4458,142.43
A4459, U4459,125.41
A4460, U4460,52.68
A4461, U4461,144.36
A4462, U4462,100.64
A4463, U4463,60.77
A4464, U4464,173.71
A4465, U4465,157.29
A4466, U4466,52.15
A4467, U4467,183.14
A4468, U4468,79.19
A4469, U4469,141.52
A4470, U4470,120.97
A4471, U4471,179.99
A4472, U4472,98.88
A4473, U4473,52.32
A4474, U4474,46.22
A4475, U4475,136.66
A4476, U4476,133.18
A4477, U4477,102.17
A4478, U4478,84.83
A4479, U4479,127.1
A4480, U4480,154.7
A4481, U4481,113.92
A4482, U4482,67.78
A4483, U4483,102.3
A4484, U4484,59.18
A4485, U4485,82.44
A4486, U4486,167
A4487, U4487,186.9
A4488, U4488,170.66
A4489, U4489,199.49
A4490, U4490,130.8
A4491, U4491,157.6
A4492, U4492,57.7
A4493, U4493,153.89
A4494, U4494,162.71
A4495, U4495,179.41
A4496, U4496,143.53
A4497, U4497,169.43
A4498, U4498,122.94
A4499, U4499,171.58
A4500, U4500,118.4
A4501, U4501,72.85
A4502, U4502,194.16
A4503, U4503,178.57
A4504, U4504,82.29
A4505, U4505,97.61
A4506, U4506,173.5
A4507, U4507,125.91
A4508, U4508,93.85
A4509, U4509,170.9
A4510, U4510,52.49
A4511, U4511,83.4
A4512, U4512,90.85
A4513, U4513,167.26
A4514, U4514,71.48
A4515, U4515,132.87
A4516, U4516,173.41
A4517, U4517,40.52
A4518, U4518,136.87
A4519, U4519,142.94
A4520, U4520,72.12
A4521, U4521,141.46
A4522, U4522,97.25
A4523, U4523,132.59
A4524, U4524,199.89
A4525, U4525,55.65
A4526, U4526,61.72
A4527, U4527,121.99
A4528, U4528,163.79
A4529, U4529,126.11
A4530, U4530,98.59
A4531, U4531,100.77
A4532, U4532,154.48
A4533, U4533,165.41
A4534, U4534,48.1
A4535, U4535,89.46
A4536, U4536,75.87
A4537, U4537,182.94
A4538, U4538,178.8
A4539, U4539,47.6
A4540, U4540,83.19
A4541, U4541,83.3
A4542, U4542,102.92
A4543, U4543,158.1
A4544, U4544,185
A4545, U4545,160.8
A4546, U4546,93.52
A4547, U4547,132.6
A4548, U4548,160.85
A4549, U4549,160.87
A4550, U4550,115.16
A4551, U4551,126.98
A4552, U4552,133.63
A4553, U4553,109.25
A4554, U4554,173.56
A4555, U4555,60.96
A4556, U4556,159.48
A4557, U4557,174.16
A4558, U4558,91.7
A4559, U4559,101.79
A4560, U4560,160.67
A4561, U4561,120.4
A4562, U4562,81.5
A4563, U4563,60.69
A4564, U4564,87.28
A4565, U4565,71.1
A4566, U4566,48.17
A4567, U4567,134.11
A4568, U4568,144.29
A4569, U4569,154.76
A4570, U4570,117.47
A4571, U4571,84.35
A4572, U4572,180.78
A4573, U4573,49.85
A4574, U4574,149.4
A4575, U4575,86.67
A4576, U4576,115.95
A4577, U4577,59.79
A4578, U4578,144.49
A4579, U4579,155.8
A4580, U4580,120.74
A4581, U4581,194.54
A4582, U4582,98.11
A4583, U4583,186.57
A4584, U4584,182.72
A4585, U4585,122.3
A4586, U4586,97.62
A4587, U4587,89.27
A4588, U4588,103.15
A4589, U4589,66.48
A4590, U4590,111.27
A4591, U4591,41.88
A4592, U4592,199.52
A4593, U4593,126.9
A4594, U4594,48.79
A4595, U4595,113.15
A4596, U4596,131.63
A4597, U4597,81.74
A4598, U4598,122.72
A4599, U4599,197.75
A4600, U4600,178.48
A4601, U4601,193.95
A4602, U4602,183.25
A4603, U4603,89.84
A4604, U4604,142.84
A4605, U4605,104.5
A4606, U4606,92.24
A4607, U4607,141.22
A4608, U4608,156.7
A4609, U4609,128.84
A4610, U4610,133.81
A4611, U4611,123.9
A4612, U4612,83.35
A4613, U4613,113.72
A4614, U4614,97.56
A4615, U4615,161.66
A4616, U4616,66.41
A4617, U4617,138.95
A4618, U4618,90.5
A4619, U4619,199.73
A4620, U4620,73.68
A4621, U4621,112.2
A4622, U4622,103.95
A4623, U4623,172.33
A4624, U4624,199.3
A4625, U4625,42.44
A4626, U4626,68.14
A4627, U4627,68.4
A4628, U4628,194.86
A4629, U4629,149.53
A4630, U4630,167.58
A4631, U4631,117.7
A4632, U4632,54.73
A4633, U4633,93.92
A4634, U4634,139.67
A4635, U4635,184.67
A4636, U4636,52.81
A4637, U4637,140.89
A4638, U4638,98.31
A4639, U4639,152.31
A4640, U4640,124.12
A4641, U4641,155.32
A4642, U4642,128.31
A4643, U4643,118.2
A4644, U4644,77.57
A4645, U4645,198.45
A4646, U4646,99.45
A4647, U4647,190.62
A4648, U4648,72.38
A4649, U4649,57.65
A4650, U4650,139.9
A4651, U4651,152.32
A4652, U4652,61.34
A4653, U4653,97.36
A4654, U4654,122.28
A4655, U4655,148.64
A4656, U4656,66.36
A4657, U4657,41.66
A4658, U4658,178.16
A4659, U4659,123.77
A4660, U4660,79.3
A4661, U4661,149.5
A4662, U4662,149.45
A4663, U4663,88.62
A4664, U4664,179
A4665, U4665,150.98
A4666, U4666,73.4
A4667, U4667,151.62
A4668, U4668,107.4
A4669, U4669,70.2
A4670, U4670,192.12
A4671, U4671,121.95
A4672, U4672,182.34
A4673, U4673,85
A4674, U4674,111.27
A4675, U4675,161.4
A4676, U4676,177.33
A4677, U4677,105.31
A4678, U4678,75.65
A4679, U4679,141.67
A4680, U4680,46.73
A4681, U4681,119.5
A4682, U4682,134.69
A4683, U4683,110.12
A4684, U4684,147.38
A4685, U4685,79.45
A4686, U4686,195.31
A4687, U4687,171.12
A4688, U4688,167.73
A4689, U4689,66.34
A4690, U4690,67.3
A4691, U4691,68.59
A4692, U4692,79.65
A4693, U4693,59.87
A4694, U4694,140.38
A4695, U4695,104.77
A4696, U4696,163.51
A4697, U4697,66.21
A4698, U4698,140
A4699, U4699,97.19
A4700, U4700,184.16
A4701, U4701,92.5
A4702, U4702,44.3
A4703, U4703,51.54
A4704, U4704,121.28
A4705, U4705,122.48
A4706, U4706,118.29
A4707, U4707,121.73
A4708, U4708,129.89
A4709, U4709,81.94
A4710, U4710,132.56
A4711, U4711,119.29
A4712, U4712,197.47
A4713, U4713,150.45
A4714, U4714,62.6
A4715, U4715,118.79
A4716, U4716,100.97
A4717, U4717,110
A4718, U4718,195.11
A4719, U4719,130.94
A4720, U4720,132.57
A4721, U4721,98.34
A4722, U4722,179.92
A4723, U4723,85.47
A4724, U4724,40.42
A4725, U4725,144.73
A4726, U4726,158.41
A4727, U4727,138.33
A4728, U4728,146.3
A4729, U4729,52.55
A4730, U4730,137.61
A4731, U4731,105.9
A4732, U4732,167.71
A4733, U4733,56.51
A4734, U4734,176.5
A4735, U4735,162.44
A4736, U4736,92.31
A4737, U4737,98
A4738, U4738,72.15
A4739, U4739,107.5
A4740, U4740,70.21
A4741, U4741,112.71
A4742, U4742,192.75
A4743, U4743,48.96
A4744, U4744,97.1
A4745, U4745,94.93
A4746, U4746,46.1
A4747, U4747,93.96
A4748, U4748,66.46
A4749, U4749,126.15
A4750, U4750,171.76
A4751, U4751,139.5
A4752, U4752,146.21
A4753, U4753,104.42
A4754, U4754,48.6
A4755, U4755,61.51
A4756, U4756,138.1
A4757, U4757,97.39
A4758, U4758,66.69
A4759, U4759,191.3
A4760, U4760,146.13
A4761, U4761,65.75
A4762, U4762,65.82
A4763, U4763,104.31
A4764, U4764,196.39
A4765, U4765,174.74
A4766, U4766,137.27
A4767, U4767,78.42
A4768, U4768,134.95
A4769, U4769,48.74
A4770, U4770,96.62
A4771, U4771,186.75
A4772, U4772,195.82
A4773, U4773,91.2
A4774, U4774,144.94
A4775, U4775,168.47
A4776, U4776,122.5
A4777, U4777,117.68
A4778, U4778,137.87
A4779, U4779,94.83
A4780, U4780,169.8
A4781, U4781,112.65
A4782, U4782,162.38
A4783, U4783,184.34
A4784, U4784,164.93
A4785, U4785,169.21
A4786, U4786,142.2
A4787, U4787,149.4
A4788, U4788,76.4
A4789, U4789,164.33
A4790, U4790,120.38
A4791, U4791,145.3
A4792, U4792,135.36
A4793, U4793,76.1
A4794, U4794,166.56
A4795, U4795,170.71
A4796, U4796,137.21
A4797, U4797,190.26
A4798, U4798,67.26
A4799, U4799,197.58
A4800, U4800,188.97
A4801, U4801,79.71
A4802, U4802,61.58
A4803, U4803,172.31
A4804, U4804,171.43
A4805, U4805,112.2
A4806, U4806,54
A4807, U4807,92.42
A4808, U4808,108.41
A4809, U4809,48.39
A4810, U4810,65.79
A4811, U4811,128.21
A4812, U4812,59.8
A4813, U4813,136.42
A4814, U4814,82.41
A4815, U4815,180.96
A4816, U4816,107.19
A4817, U4817,105.52
A4818, U4818,61.94
A4819, U4819,184.1
A4820, U4820,126.91
A4821, U4821,86.34
A4822, U4822,56.6
A4823, U4823,140.6
A4824, U4824,181.51
A4825, U4825,174.75
A4826, U4826,72.58
A4827, U4827,107.13
A4828, U4828,107.2
A4829, U4829,134.4
A4830, U4830,197.4
A4831, U4831,47.4
A4832, U4832,129.49
A4833, U4833,165.89
A4834, U4834,136.8
A4835, U4835,86.48
A4836, U4836,122.4
A4837, U4837,177.23
A4838, U4838,121.2
A4839, U4839,57.51
A4840, U4840,114
A4841, U4841,126.75
A4842, U4842,132.12
A4843, U4843,161.83
A4844, U4844,163.27
A4845, U4845,56.1
A4846, U4846,97.85
A4847, U4847,44.13
A4848, U4848,179.88
A4849, U4849,166.61
A4850, U4850,172.73
A4851, U4851,199.8
A4852, U4852,75.35
A4853, U4853,78.16
A4854, U4854,156.18
A4855, U4855,139.21
A4856, U4856,186.7
A4857, U4857,133.97
A4858, U4858,178.29
A4859, U4859,171.43
A4860, U4860,156.94
A4861, U4861,59.32
A4862, U4862,151.18
A4863, U4863,59.65
A4864, U4864,42.72
A4865, U4865,98.61
A4866, U4866,106.49
A4867, U4867,149.73
A4868, U4868,40.45
A4869, U4869,124.22
A4870, U4870,181.59
A4871, U4871,56.58
A4872, U4872,144.88
A4873, U4873,70.28
A4874, U4874,83.4
A4875, U4875,82.58
A4876, U4876,50.35
A4877, U4877,181.87
A4878, U4878,137.67
A4879, U4879,102.3
A4880, U4880,77.58
A4881, U4881,63
A4882, U4882,171
A4883, U4883,167.41
A4884, U4884,102.85
A4885, U4885,196.41
A4886, U4886,161.59
A4887, U4887,128.13
A4888, U4888,175.53
A4889, U4889,147.8
A4890, U4890,198.84
A4891, U4891,101.96
A4892, U4892,113.78
A4893, U4893,128.6
A4894, U4894,138.8
A4895, U4895,59.32
A4896, U4896,50.49
A4897, U4897,198.29
A4898, U4898,112.9
A4899, U4899,163.64
A4900, U4900,54.77
A4901, U4901,182.42
A4902, U4902,51.85
A4903, U4903,171.47
A4904, U4904,167.75
A4905, U4905,45.7
A4906, U4906,40.58
A4907, U4907,47.39
A4908, U4908,72.17
A4909, U4909,128.3
A4910, U4910,112.72
A4911, U4911,168.58
A4912, U4912,156.64
A4913, U4913,96.26
A4914, U4914,136.25
A4915, U4915,148.75
A4916, U4916,162.2
A4917, U4917,154.22
A4918, U4918,191.95
A4919, U4919,183.6
A4920, U4920,193.8
A4921, U4921,83.85
A4922, U4922,163.4
A4923, U4923,92.48
A4924, U4924,111.59
A4925, U4925,55.27
A4926, U4926,127.73
A4927, U4927,71.36
A4928, U4928,194.31
A4929, U4929,150.42
A4930, U4930,120.55
A4931, U4931,178.54
A4932, U4932,52.28
A4933, U4933,90.97
A4934, U4934,178.82
A4935, U4935,110.24
A4936, U4936,84.94
A4937, U4937,52.37
A4938, U4938,112.94
A4939, U4939,168.68
A4940, U4940,91.86
A4941, U4941,171
A4942, U4942,65.39
A4943, U4943,73.3
A4944, U4944,172.35
A4945, U4945,80.63
A4946, U4946,82.46
A4947, U4947,56.4
A4948, U4948,74.73
A4949, U4949,165.49
A4950, U4950,156.34
A4951, U4951,139.61
A4952, U4952,64.85
A4953, U4953,199.59
A4954, U4954,145.82
A4955, U4955,185.1
A4956, U4956,120
A4957, U4957,56.63
A4958, U4958,156.85
A4959, U4959,101.68
A4960, U4960,52.28
A4961, U4961,64.51
A4962, U4962,131.8
A4963, U4963,196.81
A4964, U4964,174.66
A4965, U4965,64.72
A4966, U4966,66.31
A4967, U4967,193.97
A4968, U4968,79.2
A4969, U4969,176.3
A4970, U4970,103.6
A4971, U4971,99
A4972, U4972,111.23
A4973, U4973,61.26
A4974, U4974,98.47
A4975, U4975,149.35
A4976, U4976,95.1
A4977, U4977,106.44
A4978, U4978,71.1
A4979, U4979,47.35
A4980, U4980,179.18
A4981, U4981,161.99
A4982, U4982,147.18
A4983, U4983,176.19
A4984, U4984,47.13
A4985, U4985,101.52
A4986, U4986,40.7
A4987, U4987,85.46
A4988, U4988,185.14
A4989, U4989,50.33
A4990, U4990,147.71
A4991, U4991,111.36
A4992, U4992,197.79
A4993, U4993,100.6
A4994, U4994,183.51
A4995, U4995,163.13
A4996, U4996,64.49
A4997, U4997,108.21
A4998, U4998,175.38
A4999, U4999,92.26
A5000, U5000,101.94
A5001, U5001,74.22
